ticker,exchange,vci_q2_present,period,metric,vci_value,cafef_value,abs_diff,symmetric_pct_diff,within_tolerance,cafef_error
AMC,HNX,False,2021-Q1,roa,0.0884760788,0.0912731189917883,0.002797040191788308,0.031121587480220606,True,
AMC,HNX,False,2021-Q1,debt_to_assets,0.4267666000014259,0.4267665999874726,1.3953338484640199e-11,3.269547917953674e-11,True,
AMC,HNX,False,2021-Q1,current_ratio,1.2164033201,1.2164033201498068,4.980682533073377e-11,4.094597943519217e-11,True,
AMC,HNX,False,2021-Q1,quick_ratio,0.8790688707,0.8790688706537744,4.6225578920200405e-11,5.2584706912220076e-11,True,
AMC,HNX,False,2021-Q1,asset_turnover,1.7089306519,1.7629559625442208,0.05402531064422078,0.03112158698930849,False,
AMC,HNX,False,2021-Q1,gross_margin,0.4662775669,0.4662775668960522,3.947786542113363e-12,8.466601917773013e-12,True,
AMC,HNX,False,2021-Q2,roa,,0.0927991845668362,,,,
AMC,HNX,False,2021-Q2,debt_to_assets,,0.4940916717830742,,,,
AMC,HNX,False,2021-Q2,current_ratio,,1.093401085658672,,,,
AMC,HNX,False,2021-Q2,quick_ratio,,0.8065136084313969,,,,
AMC,HNX,False,2021-Q2,asset_turnover,,1.802975071130425,,,,
AMC,HNX,False,2021-Q2,gross_margin,,0.4622068847424272,,,,
DIH,HNX,False,2021-Q1,roa,0.0017639953875914,0.0016501312230381,0.0001138641645533,0.06670178205974946,True,
DIH,HNX,False,2021-Q1,debt_to_assets,0.8456028796325717,0.8456028812625255,1.6299537275443754e-09,1.9275640672861673e-09,True,
DIH,HNX,False,2021-Q1,current_ratio,3.1787686347961426,3.1787687162000227,8.140388008115451e-08,2.5608620315348774e-08,True,
DIH,HNX,False,2021-Q1,quick_ratio,2.358162879943848,2.3581627913074805,8.863636757894255e-08,3.7587042862299066e-08,True,
DIH,HNX,False,2021-Q1,asset_turnover,0.3739901781082153,0.3447325568225116,0.029257621285703694,0.08141559982382818,True,
DIH,HNX,False,2021-Q1,gross_margin,0.0366069972515106,0.0366069973322497,8.073910290340436e-11,2.2055647519965595e-09,True,
DIH,HNX,False,2021-Q2,roa,,0.0020459483505112,,,,
DIH,HNX,False,2021-Q2,debt_to_assets,,0.8414756239756589,,,,
DIH,HNX,False,2021-Q2,current_ratio,,3.1251404898499637,,,,
DIH,HNX,False,2021-Q2,quick_ratio,,2.21398440638638,,,,
DIH,HNX,False,2021-Q2,asset_turnover,,0.3130218707943201,,,,
DIH,HNX,False,2021-Q2,gross_margin,,0.0430114382202937,,,,
DNP,HNX,False,2021-Q1,roa,0.0009187302202917,0.0008266614025438,9.206881774790005e-05,0.10549932352525948,True,
DNP,HNX,False,2021-Q1,debt_to_assets,0.6985040299340652,0.6985040343136772,4.379612006388811e-09,6.269988153213896e-09,True,
DNP,HNX,False,2021-Q1,current_ratio,1.179578423500061,1.179578418255544,5.244517042868324e-09,4.446094426655865e-09,True,
DNP,HNX,False,2021-Q1,quick_ratio,0.8156786561012268,0.8156786561195032,1.8276380409076864e-11,2.240634871608555e-11,True,
DNP,HNX,False,2021-Q1,asset_turnover,0.3272080421447754,0.3322414318032991,0.005033389658523735,0.01526542929328371,True,
DNP,HNX,False,2021-Q1,gross_margin,0.1985574215650558,0.1886956176569149,0.009861803908140898,0.05093209302090555,True,
DNP,HNX,False,2021-Q2,roa,,0.0010865123875907,,,,
DNP,HNX,False,2021-Q2,debt_to_assets,,0.7185834832800695,,,,
DNP,HNX,False,2021-Q2,current_ratio,,1.1776258010632927,,,,
DNP,HNX,False,2021-Q2,quick_ratio,,0.8299800532349411,,,,
DNP,HNX,False,2021-Q2,asset_turnover,,0.3515909169625155,,,,
DNP,HNX,False,2021-Q2,gross_margin,,0.1856669375121712,,,,
DST,HNX,False,2021-Q1,roa,0.0195379797369241,0.027259929245495,0.007721949508570903,0.33001258716374965,False,
DST,HNX,False,2021-Q1,debt_to_assets,0.0497391696247091,0.0497391691963791,4.2832999647135495e-10,8.611522901316365e-09,True,
DST,HNX,False,2021-Q1,current_ratio,7.455338478088379,7.455338472202767,5.885611997769047e-09,7.894493345124916e-10,True,
DST,HNX,False,2021-Q1,quick_ratio,7.249866962432861,7.249867046690902,8.425804054468244e-08,1.1622011892309777e-08,True,
DST,HNX,False,2021-Q1,asset_turnover,0.1012211591005325,0.1022611929580848,0.0010400338575523027,0.010222349476800813,True,
DST,HNX,False,2021-Q1,gross_margin,0.0852381885051727,0.0850553088241033,0.0001828796810694061,0.0021478175495543875,True,
DST,HNX,False,2021-Q2,roa,,0.0186004556472543,,,,
DST,HNX,False,2021-Q2,debt_to_assets,,0.0545670282132263,,,,
DST,HNX,False,2021-Q2,current_ratio,,5.84142494393794,,,,
DST,HNX,False,2021-Q2,quick_ratio,,5.5148644215299525,,,,
DST,HNX,False,2021-Q2,asset_turnover,,0.1207901742704848,,,,
DST,HNX,False,2021-Q2,gross_margin,,0.0737281077401426,,,,
GDW,HNX,False,2021-Q1,roa,0.0600787959992885,0.0610466141434359,0.0009678181441473976,0.015980431240761105,True,
GDW,HNX,False,2021-Q1,debt_to_assets,0.5303937185251401,0.5303937148276989,3.6974411310453092e-09,6.971125439068936e-09,True,
GDW,HNX,False,2021-Q1,current_ratio,1.1974700689315796,1.1974700822539708,1.3322391190229155e-08,1.1125448110788292e-08,True,
GDW,HNX,False,2021-Q1,quick_ratio,1.0732845067977903,1.073284560753111,5.395532065577413e-08,5.027121789035535e-08,True,
GDW,HNX,False,2021-Q1,asset_turnover,1.6861536502838137,1.6988640589668276,0.012710408683013874,0.007509803359833909,True,
GDW,HNX,False,2021-Q1,gross_margin,0.3658093810081482,0.3658093729250214,8.083126779023786e-09,2.2096554347654535e-08,True,
GDW,HNX,False,2021-Q2,roa,,0.080006408391734,,,,
GDW,HNX,False,2021-Q2,debt_to_assets,,0.3973767002622993,,,,
GDW,HNX,False,2021-Q2,current_ratio,,1.2351387013760329,,,,
GDW,HNX,False,2021-Q2,quick_ratio,,0.9161568832967468,,,,
GDW,HNX,False,2021-Q2,asset_turnover,,1.9462646668482373,,,,
GDW,HNX,False,2021-Q2,gross_margin,,0.3778143549477252,,,,
GLT,HNX,False,2021-Q1,roa,0.1943793445825576,0.2235293900492103,0.029150045466652702,0.13950436088557802,False,
GLT,HNX,False,2021-Q1,debt_to_assets,0.3279726183911782,0.2657556171192602,0.06221700127191798,0.20958073930382964,False,
GLT,HNX,False,2021-Q1,current_ratio,2.581968307495117,3.155333661420038,0.5733653539249208,0.19987281723410363,False,
GLT,HNX,False,2021-Q1,quick_ratio,2.1272966861724854,2.578509480348318,0.4512127941758326,0.19176854218346728,False,
GLT,HNX,False,2021-Q1,asset_turnover,0.9694105386734008,1.1388750243667605,0.1694644856933597,0.16076046685913917,False,
GLT,HNX,False,2021-Q1,gross_margin,0.3918730616569519,0.3760944078442886,0.0157786538126633,0.04109198485428246,False,
GLT,HNX,False,2021-Q2,roa,,0.1643996888517345,,,,
GLT,HNX,False,2021-Q2,debt_to_assets,,0.4030557104182821,,,,
GLT,HNX,False,2021-Q2,current_ratio,,2.1243104608128505,,,,
GLT,HNX,False,2021-Q2,quick_ratio,,1.8010551163614716,,,,
GLT,HNX,False,2021-Q2,asset_turnover,,0.901280528102302,,,,
GLT,HNX,False,2021-Q2,gross_margin,,0.3567353966794294,,,,
HLC,HNX,False,2021-Q1,roa,0.0120566377,0.0148357690915064,0.002779131391506401,0.20668521140950105,True,
HLC,HNX,False,2021-Q1,debt_to_assets,0.8965925150770581,0.8965925150773214,2.6334490144108713e-13,2.937174881706604e-13,True,
HLC,HNX,False,2021-Q1,current_ratio,0.6244044298,0.6244044297850506,1.4949375071182658e-11,2.3941814564240004e-11,True,
HLC,HNX,False,2021-Q1,quick_ratio,0.2598395605,0.2598395605355105,3.551048344263563e-11,1.366631138533239e-10,True,
HLC,HNX,False,2021-Q1,asset_turnover,0.7548199077,0.8052298825391444,0.050409974839144445,0.06462611021077341,False,
HLC,HNX,False,2021-Q1,gross_margin,0.1778575101,0.1778575100729312,2.7068791652595792e-11,1.5219369505080932e-10,True,
HLC,HNX,False,2021-Q2,roa,,0.0122717151301862,,,,
HLC,HNX,False,2021-Q2,debt_to_assets,,0.9115599482600744,,,,
HLC,HNX,False,2021-Q2,current_ratio,,0.6702037687910993,,,,
HLC,HNX,False,2021-Q2,quick_ratio,,0.3353021588488036,,,,
HLC,HNX,False,2021-Q2,asset_turnover,,0.8050936362895255,,,,
HLC,HNX,False,2021-Q2,gross_margin,,0.1485908587001891,,,,
KST,HNX,False,2021-Q1,roa,0.0551649928092956,0.0580200882636076,0.0028550954543119997,0.0504500315279717,True,
KST,HNX,False,2021-Q1,debt_to_assets,0.4580631840382362,0.4580631803229062,3.7153299881076407e-09,8.110955284424139e-09,True,
KST,HNX,False,2021-Q1,current_ratio,2.0089519023895264,2.00895187656564,2.5823886584674938e-08,1.2854407673939021e-08,True,
KST,HNX,False,2021-Q1,quick_ratio,1.9771748781204224,1.9771749302779555,5.215753318132954e-08,2.637982763717851e-08,True,
KST,HNX,False,2021-Q1,asset_turnover,1.6141005754470823,1.7117600672092244,0.09765949176214206,0.058727350454553705,False,
KST,HNX,False,2021-Q1,gross_margin,0.1176501736044883,0.1191807095112779,0.0015305359067896013,0.012925137859165556,True,
KST,HNX,False,2021-Q2,roa,,0.0587950068434388,,,,
KST,HNX,False,2021-Q2,debt_to_assets,,0.4493439309716128,,,,
KST,HNX,False,2021-Q2,current_ratio,,2.036486993704256,,,,
KST,HNX,False,2021-Q2,quick_ratio,,1.99026209012584,,,,
KST,HNX,False,2021-Q2,asset_turnover,,1.8470376105400064,,,,
KST,HNX,False,2021-Q2,gross_margin,,0.1177716777291021,,,,
LDP,HNX,False,2021-Q1,roa,-0.1278955947,-0.1311543984361015,0.00325880373610149,0.025159651205930406,True,
LDP,HNX,False,2021-Q1,debt_to_assets,0.4138903207574402,0.4138903207509739,6.4663274734755305e-12,1.562328749725854e-11,True,
LDP,HNX,False,2021-Q1,current_ratio,1.4552329212,1.4552329211761623,2.3837598561726736e-11,1.6380606990573887e-11,True,
LDP,HNX,False,2021-Q1,quick_ratio,0.5132333932,0.5132333932431391,4.313904788944001e-11,8.405347052469813e-11,True,
LDP,HNX,False,2021-Q1,asset_turnover,0.8921380335,0.9148698779163482,0.022731844416348235,0.025159651236425214,True,
LDP,HNX,False,2021-Q1,gross_margin,0.1287073528,0.1287073528205307,2.0530688260578245e-11,1.595144940230701e-10,True,
LDP,HNX,False,2021-Q2,roa,,-0.1045684094408378,,,,
LDP,HNX,False,2021-Q2,debt_to_assets,,0.4445207026236829,,,,
LDP,HNX,False,2021-Q2,current_ratio,,1.3750901866910197,,,,
LDP,HNX,False,2021-Q2,quick_ratio,,0.5465625809310992,,,,
LDP,HNX,False,2021-Q2,asset_turnover,,0.9800585884702592,,,,
LDP,HNX,False,2021-Q2,gross_margin,,0.1393096651631377,,,,
NBC,HNX,False,2021-Q1,roa,0.0127224871,0.0142164323595806,0.0014939452595806,0.11091352508196396,True,
NBC,HNX,False,2021-Q1,debt_to_assets,0.8728143638376364,0.8728143638380472,4.107825191113079e-13,4.706413369563041e-13,True,
NBC,HNX,False,2021-Q1,current_ratio,0.7078910144,0.7078910143905228,9.477196805107724e-12,1.3387932057880296e-11,True,
NBC,HNX,False,2021-Q1,quick_ratio,0.024745033,0.024745033024942,2.4941999854366514e-11,1.0079598536723004e-09,True,
NBC,HNX,False,2021-Q1,asset_turnover,0.532227367,0.5293330640650582,0.0028943029349417504,0.005452921661817992,True,
NBC,HNX,False,2021-Q1,gross_margin,0.179541519,0.1827046689632855,0.003163149963285483,0.01746408971793556,True,
NBC,HNX,False,2021-Q2,roa,,0.0566469766892063,,,,
NBC,HNX,False,2021-Q2,debt_to_assets,,0.8790899820575248,,,,
NBC,HNX,False,2021-Q2,current_ratio,,0.641096562847923,,,,
NBC,HNX,False,2021-Q2,quick_ratio,,0.0847080615806335,,,,
NBC,HNX,False,2021-Q2,asset_turnover,,0.6477385916825951,,,,
NBC,HNX,False,2021-Q2,gross_margin,,0.2153775380181338,,,,
NDX,HNX,False,2021-Q1,roa,0.0348140411078929,0.0331059128911622,0.001708128216730699,0.050298273663567636,True,
NDX,HNX,False,2021-Q1,debt_to_assets,0.3690940382993383,0.3690940308846019,7.41473638043999e-09,2.0089017121712385e-08,True,
NDX,HNX,False,2021-Q1,current_ratio,1.989824891090393,1.9898249348401529,4.3749759814915024e-08,2.1986738395851292e-08,True,
NDX,HNX,False,2021-Q1,quick_ratio,1.639174222946167,1.6391742153211284,7.625038600522771e-09,4.651756055895529e-09,True,
NDX,HNX,False,2021-Q1,asset_turnover,0.4766765534877777,0.4532887343760025,0.023387819111775232,0.05029826256310987,True,
NDX,HNX,False,2021-Q1,gross_margin,0.0866747349500656,0.0866747367880667,1.8380010985419304e-09,2.120573059857348e-08,True,
NDX,HNX,False,2021-Q2,roa,,0.0477731894523874,,,,
NDX,HNX,False,2021-Q2,debt_to_assets,,0.4062429673523277,,,,
NDX,HNX,False,2021-Q2,current_ratio,,1.7444326437551334,,,,
NDX,HNX,False,2021-Q2,quick_ratio,,1.4488484847684038,,,,
NDX,HNX,False,2021-Q2,asset_turnover,,0.5894243830241209,,,,
NDX,HNX,False,2021-Q2,gross_margin,,0.0860871414753311,,,,
PPY,HNX,False,2021-Q1,roa,0.0554769306,0.05496058315033,0.000516347449670003,0.009350943028966188,True,
PPY,HNX,False,2021-Q1,debt_to_assets,0.4908464816302905,0.4908464816234965,6.7940097991936454e-12,1.3841414889386877e-11,True,
PPY,HNX,False,2021-Q1,current_ratio,1.0669484693,1.0669484692511242,4.8875792302283116e-11,4.5808953018573486e-11,True,
PPY,HNX,False,2021-Q1,quick_ratio,0.628376716,0.6283767160243012,2.43012276968102e-11,3.867302380494363e-11,True,
PPY,HNX,False,2021-Q1,asset_turnover,6.0144609271,5.9584817783079576,0.055979148792042466,0.009350942398940524,False,
PPY,HNX,False,2021-Q1,gross_margin,0.0804407106,0.0804407105577423,4.2257711219129135e-11,5.253274233287131e-10,True,
PPY,HNX,False,2021-Q2,roa,,0.0997455164982247,,,,
PPY,HNX,False,2021-Q2,debt_to_assets,,0.5505317522982182,,,,
PPY,HNX,False,2021-Q2,current_ratio,,1.0524070771715544,,,,
PPY,HNX,False,2021-Q2,quick_ratio,,0.4952499773371535,,,,
PPY,HNX,False,2021-Q2,asset_turnover,,6.502315287137156,,,,
PPY,HNX,False,2021-Q2,gross_margin,,0.0791208856960292,,,,
VC3,HNX,False,2021-Q1,roa,0.019113494,0.0194057416280907,0.00029224762809069993,0.015174113573405085,True,
VC3,HNX,False,2021-Q1,debt_to_assets,0.5185795389738356,0.5185795389638972,9.938383449537014e-12,1.916462702963234e-11,True,
VC3,HNX,False,2021-Q1,current_ratio,3.2753791451,3.27537914514612,4.611999671055855e-11,1.4080811615116322e-11,True,
VC3,HNX,False,2021-Q1,quick_ratio,2.5192918919,2.519291891909801,9.801048861390882e-12,3.8903982872663714e-12,True,
VC3,HNX,False,2021-Q1,asset_turnover,0.0852945412,0.0851456784775539,0.00014886272244610255,0.0017468027526334735,True,
VC3,HNX,False,2021-Q1,gross_margin,0.4533471553,0.4533471552763993,2.360073247942296e-11,5.205885203894047e-11,True,
VC3,HNX,False,2021-Q2,roa,,0.0156342513480627,,,,
VC3,HNX,False,2021-Q2,debt_to_assets,,0.504221930776055,,,,
VC3,HNX,False,2021-Q2,current_ratio,,3.536794031654574,,,,
VC3,HNX,False,2021-Q2,quick_ratio,,2.602422671239176,,,,
VC3,HNX,False,2021-Q2,asset_turnover,,0.0732625476137213,,,,
VC3,HNX,False,2021-Q2,gross_margin,,0.3288508908888949,,,,
VLA,HNX,False,2021-Q1,roa,-0.0328120067715644,-0.0324405722934092,0.0003714344781551998,0.011384514864473122,True,
VLA,HNX,False,2021-Q1,debt_to_assets,0.0256856533878071,0.0256856539210292,5.332220984199942e-10,2.0759530031593162e-08,True,
VLA,HNX,False,2021-Q1,current_ratio,23.249801635742188,23.249801864325494,2.2858330694930373e-07,9.831623916920971e-09,True,
VLA,HNX,False,2021-Q1,quick_ratio,21.89566993713379,21.89566939052393,5.466098578210676e-07,2.49642904836135e-08,True,
VLA,HNX,False,2021-Q1,asset_turnover,0.4764353036880493,0.4710420522742304,0.005393251413818911,0.011384443923393613,True,
VLA,HNX,False,2021-Q1,gross_margin,0.6113277673721313,0.6113277794291004,1.2056969089790925e-08,1.972259336872912e-08,True,
VLA,HNX,False,2021-Q2,roa,,-0.104414923032081,,,,
VLA,HNX,False,2021-Q2,debt_to_assets,,0.0217974386007963,,,,
VLA,HNX,False,2021-Q2,current_ratio,,25.755083761047317,,,,
VLA,HNX,False,2021-Q2,quick_ratio,,24.074990651584148,,,,
VLA,HNX,False,2021-Q2,asset_turnover,,0.4509494044210492,,,,
VLA,HNX,False,2021-Q2,gross_margin,,0.5936391796723405,,,,
VSA,HNX,False,2021-Q1,roa,0.0675320997834205,0.0660228575261001,0.001509242257320395,0.0226010668225912,True,
VSA,HNX,False,2021-Q1,debt_to_assets,0.4769199879029366,0.4769199938707212,5.9677845998251655e-09,1.2513177710852753e-08,True,
VSA,HNX,False,2021-Q1,current_ratio,1.597772479057312,1.5977724750399056,4.017406407541557e-09,2.514379528531168e-09,True,
VSA,HNX,False,2021-Q1,quick_ratio,1.597772479057312,1.5977724750399056,4.017406407541557e-09,2.514379528531168e-09,True,
VSA,HNX,False,2021-Q1,asset_turnover,1.7941421270370483,1.7274468223965234,0.06669530464052498,0.03787796111255549,False,
VSA,HNX,False,2021-Q1,gross_margin,0.0699014142155647,0.0708383955218905,0.0009369813063258015,0.013315085590547617,True,
VSA,HNX,False,2021-Q2,roa,,0.0571806580287767,,,,
VSA,HNX,False,2021-Q2,debt_to_assets,,0.5631463511759636,,,,
VSA,HNX,False,2021-Q2,current_ratio,,1.3909987498543002,,,,
VSA,HNX,False,2021-Q2,quick_ratio,,1.3909987498543002,,,,
VSA,HNX,False,2021-Q2,asset_turnover,,1.8401030451395253,,,,
VSA,HNX,False,2021-Q2,gross_margin,,0.0648965074087959,,,,
C69,HNX,True,2021-Q1,roa,0.0402379162,0.0386366158310434,0.0016013003689566013,0.04060373678860909,True,
C69,HNX,True,2021-Q1,debt_to_assets,0.2957446657043296,0.2957446657159017,1.1572076630272932e-11,3.9128606436525564e-11,True,
C69,HNX,True,2021-Q1,current_ratio,2.6823077376,2.6823077376252007,2.5200730391361503e-11,9.395167466426327e-12,True,
C69,HNX,True,2021-Q1,quick_ratio,1.73613826,1.7361382600467352,4.6735282310805815e-11,2.6919101656210707e-11,True,
C69,HNX,True,2021-Q1,asset_turnover,0.7844829483,0.7471113906623329,0.037371557637667085,0.048800856319417586,True,
C69,HNX,True,2021-Q1,gross_margin,0.1143663934,0.1144932137503657,0.0001268203503656945,0.0011082807660538437,True,
C69,HNX,True,2021-Q2,roa,0.0402379162,0.0381112047427744,0.002126711457225601,0.05428807449617551,True,
C69,HNX,True,2021-Q2,debt_to_assets,0.2957446657043296,0.3387399421465244,0.04299527644219481,0.13552819378181527,False,
C69,HNX,True,2021-Q2,current_ratio,2.6823077376,2.2373854645844014,0.4449222730155986,0.1808739914180209,False,
C69,HNX,True,2021-Q2,quick_ratio,1.73613826,1.4568492876897734,0.27928897231022654,0.17493896743336873,False,
C69,HNX,True,2021-Q2,asset_turnover,0.7844829483,0.7840898493313105,0.0003930989686894426,0.0005012186482936059,True,
C69,HNX,True,2021-Q2,gross_margin,0.1143663934,0.1088226735345364,0.005543719865463606,0.04967734254733575,True,
HAT,HNX,True,2021-Q1,roa,0.0466612204909324,0.0318798820359569,0.0147813384549755,0.3763975289222599,False,
HAT,HNX,True,2021-Q1,debt_to_assets,0.531725581158557,0.5317255929468512,1.1788294229653218e-08,2.216988333210449e-08,True,
HAT,HNX,True,2021-Q1,current_ratio,1.0048388242721558,1.0048388410458975,1.6773741728925984e-08,1.6692967253802225e-08,True,
HAT,HNX,True,2021-Q1,quick_ratio,0.9977359771728516,0.99773598696843,9.795578459481646e-09,9.817806148629114e-09,True,
HAT,HNX,True,2021-Q1,asset_turnover,4.624574661254883,5.851498097555369,1.2269234363004866,0.2342334698408158,False,
HAT,HNX,True,2021-Q1,gross_margin,0.0606936588883399,0.0543768097379893,0.006316849150350599,0.10979096940785806,True,
HAT,HNX,True,2021-Q2,roa,-0.0259704256,-0.0234563756762505,0.002514049923749498,0.1017282065128295,True,
HAT,HNX,True,2021-Q2,debt_to_assets,0.6738381042835702,0.6738381042858771,2.3069324228686128e-12,3.423570748225068e-12,True,
HAT,HNX,True,2021-Q2,current_ratio,0.9299823852,0.9299823852387428,3.874278675652931e-11,4.165969955161072e-11,True,
HAT,HNX,True,2021-Q2,quick_ratio,0.8964342333,0.896434233306014,6.0139671020920105e-12,6.708765549852899e-12,True,
HAT,HNX,True,2021-Q2,asset_turnover,4.3499355796,3.928842940366376,0.4210926392336245,0.101728205004652,False,
HAT,HNX,True,2021-Q2,gross_margin,0.0500528685,0.0500528684630031,3.699689860026112e-11,7.391564104649541e-10,True,
ICG,HNX,True,2021-Q1,roa,0.0434396692,,,,,
ICG,HNX,True,2021-Q1,debt_to_assets,0.1513770822945457,0.151377082294383,1.627031842588167e-13,1.0748204536160923e-12,True,
ICG,HNX,True,2021-Q1,current_ratio,3.0483843423,3.048384342327942,2.794209308376594e-11,9.166197547962612e-12,True,
ICG,HNX,True,2021-Q1,quick_ratio,1.9922495784,1.9922495784326877,3.268763038022371e-11,1.6407397313245955e-11,True,
ICG,HNX,True,2021-Q1,asset_turnover,0.1077517735,,,,,
ICG,HNX,True,2021-Q1,gross_margin,0.3038303841,,,,,
ICG,HNX,True,2021-Q2,roa,0.0299246584,,,,,
ICG,HNX,True,2021-Q2,debt_to_assets,0.1283365672237002,0.1284491004568255,0.00011253323312529484,0.0008764759664491915,True,
ICG,HNX,True,2021-Q2,current_ratio,3.4242739469,3.417447429095975,0.006826517804025212,0.001995555629603946,True,
ICG,HNX,True,2021-Q2,quick_ratio,2.1296742451,2.122847727323494,0.0068265177765058915,0.0032105737822280965,True,
ICG,HNX,True,2021-Q2,asset_turnover,0.108493663,,,,,
ICG,HNX,True,2021-Q2,gross_margin,0.3154820908,0.3154820907785606,2.1439405806233935e-11,6.795760023206497e-11,True,
MCO,HNX,True,2021-Q1,roa,0.0010845825308933,0.0012232218207088,0.00013863928981550002,0.1201482176938052,True,
MCO,HNX,True,2021-Q1,debt_to_assets,0.6121255702850537,0.6121255764432753,6.1582215993283285e-09,1.0060389350315041e-08,True,
MCO,HNX,True,2021-Q1,current_ratio,0.9837565422058104,0.983756540730165,1.4756453836639594e-09,1.5000107460144173e-09,True,
MCO,HNX,True,2021-Q1,quick_ratio,0.8934227228164673,0.8934227420135364,1.919706915654018e-08,2.1487106226465468e-08,True,
MCO,HNX,True,2021-Q1,asset_turnover,0.4584284424781799,0.478986083590118,0.02055764111193814,0.04386029987856271,True,
MCO,HNX,True,2021-Q1,gross_margin,0.0460817776620388,0.0378017126116033,0.008280065050435506,0.19741822910383286,True,
MCO,HNX,True,2021-Q2,roa,0.0011196894,0.0010801436620978,3.954573790220005e-05,0.03595339899518424,True,
MCO,HNX,True,2021-Q2,debt_to_assets,0.6664393299819884,0.666439329982841,8.526512829121202e-13,1.2794132107038447e-12,True,
MCO,HNX,True,2021-Q2,current_ratio,0.9869635535,0.9869635535368412,3.6841196759951345e-11,3.732781887296281e-11,True,
MCO,HNX,True,2021-Q2,quick_ratio,0.8903114404,0.8903114404089597,8.959721853329938e-12,1.0063581626289585e-11,True,
MCO,HNX,True,2021-Q2,asset_turnover,0.4562777772,0.440162724461133,0.016115052738866986,0.03595342403428956,True,
MCO,HNX,True,2021-Q2,gross_margin,0.0426031342,0.0426031342054023,5.402303604462588e-12,1.2680530917652693e-10,True,
NFC,HNX,True,2021-Q1,roa,0.0442703291773796,0.0459733706310202,0.0017030414536405997,0.0377431656117025,True,
NFC,HNX,True,2021-Q1,debt_to_assets,0.1599828218523471,0.1599828215017578,3.5058930758502527e-10,2.191418452993275e-09,True,
NFC,HNX,True,2021-Q1,current_ratio,5.821080207824707,5.821080297412055,8.958734820652126e-08,1.539015858203019e-08,True,
NFC,HNX,True,2021-Q1,quick_ratio,2.872521162033081,2.872521242829736,8.079665514415524e-08,2.812743560457133e-08,True,
NFC,HNX,True,2021-Q1,asset_turnover,1.9250438213348389,1.9990985951700988,0.07405477383525993,0.0377431632062005,False,
NFC,HNX,True,2021-Q1,gross_margin,0.1447790414094925,0.1447790394379451,1.971547397561224e-09,1.3617629953832945e-08,True,
NFC,HNX,True,2021-Q2,roa,0.0497265804,0.0519521462750664,0.0022255658750664,0.043776430878774024,True,
NFC,HNX,True,2021-Q2,debt_to_assets,0.1607705257183853,0.1607705257415378,2.3152507688806168e-11,1.4400965340932151e-10,True,
NFC,HNX,True,2021-Q2,current_ratio,5.8101239327,5.810123932705689,5.688782778179302e-12,9.791155651877645e-13,True,
NFC,HNX,True,2021-Q2,quick_ratio,3.8159308822,3.815930882152249,4.775113637833783e-11,1.2513627173222442e-11,True,
NFC,HNX,True,2021-Q2,asset_turnover,2.1178102997,2.213751903026519,0.09594160332651924,0.044298845929594835,False,
NFC,HNX,True,2021-Q2,gross_margin,0.1415482905,0.1419968584109192,0.00044856791091918424,0.0031639963698346318,True,
NST,HNX,True,2021-Q1,roa,0.0155906874,0.0163184655142798,0.0007277781142797993,0.0456156336230479,True,
NST,HNX,True,2021-Q1,debt_to_assets,0.4035096655476917,0.4035096655315254,1.6166290528474292e-11,4.006419649664478e-11,True,
NST,HNX,True,2021-Q1,current_ratio,1.6833020015,1.683302001486527,1.3473000493036125e-11,8.003911645732124e-12,True,
NST,HNX,True,2021-Q1,quick_ratio,0.5615843123,0.5615843122760544,2.3945623262022764e-11,4.263940914670966e-11,True,
NST,HNX,True,2021-Q1,asset_turnover,1.3375052553,1.3999404181455812,0.06243516284558126,0.045615636102830905,False,
NST,HNX,True,2021-Q1,gross_margin,0.1439444974,0.1439444973668573,3.314271079801756e-11,2.302464588815401e-10,True,
NST,HNX,True,2021-Q2,roa,0.0155906874,0.0332212754162682,0.0176305880162682,0.7223879966733164,False,
NST,HNX,True,2021-Q2,debt_to_assets,0.4035096655476917,0.6217767130206521,0.21826704747296038,0.42576796500064124,False,
NST,HNX,True,2021-Q2,current_ratio,1.6833020015,1.2893338385692834,0.39396816293071657,0.26506318575606913,False,
NST,HNX,True,2021-Q2,quick_ratio,0.5615843123,0.2749879860321167,0.28659632626788334,0.6851681004481586,False,
NST,HNX,True,2021-Q2,asset_turnover,1.3375052553,1.2940719515424428,0.04343330375755716,0.03300933268811185,True,
NST,HNX,True,2021-Q2,gross_margin,0.1439444974,0.1367468134674365,0.007197683932563509,0.051285406094831315,True,
PCT,HNX,True,2021-Q1,roa,0.0425295512,0.042811992239758,0.00028244103975799684,0.0066190750336586075,True,
PCT,HNX,True,2021-Q1,debt_to_assets,0.1899314677493432,0.1899314677472937,2.0494994590336546e-12,1.0790731432400042e-11,True,
PCT,HNX,True,2021-Q1,current_ratio,5.4038679588,5.403867958829863,2.986233482715761e-11,5.52610371954877e-12,True,
PCT,HNX,True,2021-Q1,quick_ratio,5.0733254235,5.073325423536232,3.623235045324691e-11,7.14173592832952e-12,True,
PCT,HNX,True,2021-Q1,asset_turnover,1.3043292283,1.3016426192743606,0.0026866090256394415,0.00206188645371602,True,
PCT,HNX,True,2021-Q1,gross_margin,0.0721083593,0.0724637197966515,0.0003553604966515106,0.004916032180929482,True,
PCT,HNX,True,2021-Q2,roa,0.0388697741,0.0403771773808066,0.0015074032808066046,0.038043186586721726,True,
PCT,HNX,True,2021-Q2,debt_to_assets,0.095721970475931,0.0957219705114224,3.549138760661208e-11,3.7077577303902875e-10,True,
PCT,HNX,True,2021-Q2,current_ratio,11.2698887559,11.269888755923771,2.3771207224854152e-11,2.1092672465275584e-12,True,
PCT,HNX,True,2021-Q2,quick_ratio,10.5638283739,10.563828373909486,9.485745522397337e-12,8.979458191340428e-13,True,
PCT,HNX,True,2021-Q2,asset_turnover,1.3626452618,1.4154898174753543,0.05284455567535429,0.038043186646732965,False,
PCT,HNX,True,2021-Q2,gross_margin,0.0701196309,0.0701196308888301,1.1169898339602469e-11,1.592977344165133e-10,True,
SGH,HNX,True,2021-Q1,roa,0.0096217087,0.0149047316028513,0.005283022902851299,0.4308022556568982,False,
SGH,HNX,True,2021-Q1,debt_to_assets,0.0662197123460185,0.0662197123741388,2.8120297757006085e-11,4.246514633603082e-10,True,
SGH,HNX,True,2021-Q1,current_ratio,14.1880982239,14.188098223920344,2.0342838524811668e-11,1.4337960030844274e-12,True,
SGH,HNX,True,2021-Q1,quick_ratio,14.1553493313,14.15534933132554,2.55404586368968e-11,1.8042973040869612e-12,True,
SGH,HNX,True,2021-Q1,asset_turnover,0.0679345617,0.0673051002906335,0.0006294614093665107,0.009308828491601914,True,
SGH,HNX,True,2021-Q1,gross_margin,-0.2214996707,-0.1567788019097799,0.0647208687902201,0.34218637049951345,False,
SGH,HNX,True,2021-Q2,roa,0.0132661955,0.0141492906421652,0.0008830951421652002,0.06442308829293339,True,
SGH,HNX,True,2021-Q2,debt_to_assets,0.0716263861814147,0.0699022571218037,0.0017241290596110015,0.024364383341358493,True,
SGH,HNX,True,2021-Q2,current_ratio,13.2346135893,13.69242832696066,0.4578147376606605,0.034004086975791874,False,
SGH,HNX,True,2021-Q2,quick_ratio,13.2040489365,13.660946433453937,0.4568974969539372,0.034014336549258124,False,
SGH,HNX,True,2021-Q2,asset_turnover,0.0798826081,0.0782924793141918,0.0015901287858082064,0.020105932126269044,True,
SGH,HNX,True,2021-Q2,gross_margin,-0.1013144098,-0.0829544583498751,0.01835995145012491,0.19927350327231447,False,
SSM,HNX,True,2021-Q1,roa,0.0425721630454063,0.037284127981457,0.005288035063949301,0.13243878462049857,False,
SSM,HNX,True,2021-Q1,debt_to_assets,0.1784897833051706,0.1784897847132242,1.4080535903904234e-09,7.888706898305552e-09,True,
SSM,HNX,True,2021-Q1,current_ratio,4.379234313964844,4.379234331256417,1.7291573506383884e-08,3.948538085095139e-09,True,
SSM,HNX,True,2021-Q1,quick_ratio,1.6805922985076904,1.6805922824845818,1.6023108617702064e-08,9.534203333142627e-09,True,
SSM,HNX,True,2021-Q1,asset_turnover,1.4437615871429443,1.2644270666172053,0.17933452052573906,0.13243872082304484,False,
SSM,HNX,True,2021-Q1,gross_margin,0.1271868646144867,0.1271868698616694,5.247182716106025e-09,4.125569589102269e-08,True,
SSM,HNX,True,2021-Q2,roa,-0.0055358016,-0.004448664083964,0.0010871375160359997,0.21776578746362876,True,
SSM,HNX,True,2021-Q2,debt_to_assets,0.1553574821438582,0.1553574821164134,2.7444796435460717e-11,1.766557751783817e-10,True,
SSM,HNX,True,2021-Q2,current_ratio,4.9322222475,4.932222247477701,2.2299495583411044e-11,4.521186285708115e-12,True,
SSM,HNX,True,2021-Q2,quick_ratio,2.273291382,2.273291381993193,6.80699940858176e-12,2.994336521261642e-12,True,
SSM,HNX,True,2021-Q2,asset_turnover,1.6515649821,1.3272256311276105,0.32433935097238953,0.21776579362921916,False,
SSM,HNX,True,2021-Q2,gross_margin,0.0819011521,0.0819011520733052,2.6694799148963e-11,3.259392385679693e-10,True,
STC,HNX,True,2021-Q1,roa,0.0936734646,0.1255912240858646,0.03191775948586459,0.29113451579604244,False,
STC,HNX,True,2021-Q1,debt_to_assets,0.2684327851500279,0.2684327851584825,8.454625888276723e-12,3.149624917618861e-11,True,
STC,HNX,True,2021-Q1,current_ratio,2.6110336375,2.6110336374812126,1.87871940227069e-11,7.195309073368646e-12,True,
STC,HNX,True,2021-Q1,quick_ratio,1.3368182531,1.336818253129088,2.9088065289784026e-11,2.1759177226982135e-11,True,
STC,HNX,True,2021-Q1,asset_turnover,2.5039641963,3.3828242199948773,0.8788600236948771,0.2985872640715796,False,
STC,HNX,True,2021-Q1,gross_margin,0.2340111728,0.2340498093203518,3.863652035179799e-05,0.00016509182276536538,True,
STC,HNX,True,2021-Q2,roa,0.0945773794,0.0852514888140143,0.009325890585985694,0.10371961608396439,False,
STC,HNX,True,2021-Q2,debt_to_assets,0.4810593476086877,0.480976771709147,8.257589954069333e-05,0.00017166902132374545,True,
STC,HNX,True,2021-Q2,current_ratio,1.6514541314,1.6516696552913115,0.00021552389131151983,0.00013049701145315346,True,
STC,HNX,True,2021-Q2,quick_ratio,0.6136115607,0.6134837298775726,0.0001278308224273994,0.00020834701821279363,True,
STC,HNX,True,2021-Q2,asset_turnover,2.6508724512,2.389480705099269,0.2613917461007311,0.10371961566782369,False,
STC,HNX,True,2021-Q2,gross_margin,0.2226472244,0.2226472243990302,9.698075675856899e-13,4.3558035371933516e-12,True,
TET,HNX,True,2021-Q1,roa,0.0877185016870498,0.0873431112945272,0.000375390392522601,0.004288665985981816,True,
TET,HNX,True,2021-Q1,debt_to_assets,0.0665420069049518,0.066542006561876,3.4307578999914767e-10,5.1557776334219425e-09,True,
TET,HNX,True,2021-Q1,current_ratio,9.563092231750488,9.563092693570065,4.618195763583799e-07,4.8291865645091776e-08,True,
TET,HNX,True,2021-Q1,quick_ratio,9.563092231750488,9.563092693570065,4.618195763583799e-07,4.8291865645091776e-08,True,
TET,HNX,True,2021-Q1,asset_turnover,0.2129609584808349,0.2120495910025981,0.0009113674782368075,0.004288681677876012,True,
TET,HNX,True,2021-Q1,gross_margin,0.5934047698974609,0.593404750950121,1.8947339919250794e-08,3.1929875159274426e-08,True,
TET,HNX,True,2021-Q2,roa,0.0951339834,0.0964660053037485,0.0013320219037485093,0.013904196057214583,True,
TET,HNX,True,2021-Q2,debt_to_assets,0.0581062501503898,0.0581062501261614,2.4228404005288695e-11,4.1696726165657394e-10,True,
TET,HNX,True,2021-Q2,current_ratio,11.0058818659,11.005881865903367,3.367972567502875e-12,3.060156931120163e-13,True,
TET,HNX,True,2021-Q2,quick_ratio,11.0058818659,11.005881865903367,3.367972567502875e-12,3.060156931120163e-13,True,
TET,HNX,True,2021-Q2,asset_turnover,0.2096597714,0.2125953302922741,0.0029355588922740927,0.013904196209870465,True,
TET,HNX,True,2021-Q2,gross_margin,0.5971791263,0.5971791262926746,7.325473561081708e-12,1.2266794398045653e-11,True,
TFC,HNX,True,2021-Q1,roa,0.0382881797850132,0.0400910006670978,0.0018028208820846034,0.04600254485146374,True,
TFC,HNX,True,2021-Q1,debt_to_assets,0.6243860558639126,0.6243860551132284,7.506841814830523e-10,1.2022756992797602e-09,True,
TFC,HNX,True,2021-Q1,current_ratio,1.268378496170044,1.268378462326352,3.384369184900038e-08,2.668264433898346e-08,True,
TFC,HNX,True,2021-Q1,quick_ratio,0.9196164608001708,0.9196164657655448,4.965374000853728e-09,5.3993965953243996e-09,True,
TFC,HNX,True,2021-Q1,asset_turnover,1.3207237720489502,1.4221915584791578,0.1014677864302076,0.07398535806110462,False,
TFC,HNX,True,2021-Q1,gross_margin,0.1292263120412826,0.1291517711782503,7.454086303229635e-05,0.0005769906030997383,True,
TFC,HNX,True,2021-Q2,roa,0.026259006,0.0273662397882812,0.0011072337882811999,0.04129524338788821,True,
TFC,HNX,True,2021-Q2,debt_to_assets,0.708848785386217,0.7088487853888283,2.6113555762208307e-12,3.683938845706311e-12,True,
TFC,HNX,True,2021-Q2,current_ratio,1.1514257871,1.1514257870587048,4.129518949014255e-11,3.5864395216377604e-11,True,
TFC,HNX,True,2021-Q2,quick_ratio,0.688743268,0.6887432679751899,2.481004290899591e-11,3.6022192974004894e-11,True,
TFC,HNX,True,2021-Q2,asset_turnover,1.3135806916,1.3689689618393313,0.05538827023933135,0.04129524325360938,False,
TFC,HNX,True,2021-Q2,gross_margin,0.1186138243,0.1186138243049445,4.944503140258405e-12,4.1685723981461306e-11,True,
TKU,HNX,True,2021-Q1,roa,0.0805431082844734,0.0842437541308409,0.0037006458463674924,0.04491433105924075,True,
TKU,HNX,True,2021-Q1,debt_to_assets,0.4700511024371365,0.4700511034701718,1.0330353239496048e-09,2.197708541599698e-09,True,
TKU,HNX,True,2021-Q1,current_ratio,1.499826192855835,1.4998261689695669,2.3886268074591044e-08,1.592602421438953e-08,True,
TKU,HNX,True,2021-Q1,quick_ratio,0.8471537232398987,0.8471537491502864,2.5910387724259465e-08,3.058522510994689e-08,True,
TKU,HNX,True,2021-Q1,asset_turnover,0.8729910254478455,0.9110737618231562,0.03808273637531079,0.042692100249973684,True,
TKU,HNX,True,2021-Q1,gross_margin,0.1829683631658554,0.1826569454635692,0.0003114177022862097,0.001703480010470739,True,
TKU,HNX,True,2021-Q2,roa,0.1081515564,0.105172513591992,0.002979042808007995,0.02792973908776282,True,
TKU,HNX,True,2021-Q2,debt_to_assets,0.4686504028319054,0.4917765007592315,0.023126097927326117,0.048157955261051544,False,
TKU,HNX,True,2021-Q2,current_ratio,1.56129296,1.510847415355718,0.05044554464428197,0.03284065080420745,False,
TKU,HNX,True,2021-Q2,quick_ratio,0.8464710168,0.8677719025442678,0.021300885744267806,0.0248516537579351,True,
TKU,HNX,True,2021-Q2,asset_turnover,0.9580312032,0.934019285603882,0.024011917596117982,0.025381899413580506,True,
TKU,HNX,True,2021-Q2,gross_margin,0.2008750677,0.2020339811196343,0.001158913419634311,0.0057527296695344685,True,
VCC,HNX,True,2021-Q1,roa,0.0100822723,0.0106513390414403,0.0005690667414402998,0.05489316183938543,True,
VCC,HNX,True,2021-Q1,debt_to_assets,0.8173596217137815,0.8173596217128135,9.68003455170674e-13,1.184305450692079e-12,True,
VCC,HNX,True,2021-Q1,current_ratio,1.1127823781,1.1127823780716233,2.8376634375604226e-11,2.5500614436775324e-11,True,
VCC,HNX,True,2021-Q1,quick_ratio,0.8582714725,0.8582714725334318,3.343181287362995e-11,3.89524922407098e-11,True,
VCC,HNX,True,2021-Q1,asset_turnover,1.0051662551,1.0515660402692115,0.046399785169211505,0.04511990721756242,True,
VCC,HNX,True,2021-Q1,gross_margin,0.1070471838,0.1071119312052374,6.474740523740308e-05,0.0006046663503985776,True,
VCC,HNX,True,2021-Q2,roa,0.0092257294,0.0074336345631656,0.0017920948368344005,0.21514564911322917,True,
VCC,HNX,True,2021-Q2,debt_to_assets,0.8371956911485773,0.8392803373576527,0.002084646209075447,0.0024869382843880016,True,
VCC,HNX,True,2021-Q2,current_ratio,1.1134644178,1.1108877793321588,0.0025766384678411747,0.002316754038468563,True,
VCC,HNX,True,2021-Q2,quick_ratio,0.822315846,0.8211418712590426,0.001173974740957373,0.0014286643685793477,True,
VCC,HNX,True,2021-Q2,asset_turnover,0.931074639,0.93230737746017,0.0012327384601700242,0.0013231194132825573,True,
VCC,HNX,True,2021-Q2,gross_margin,0.1176567034,0.1152375580596764,0.0024191453403236,0.020774623858582742,True,
X20,HNX,True,2021-Q1,roa,0.0405068734,,,,,
X20,HNX,True,2021-Q1,debt_to_assets,0.4469191578757449,0.4469191578799342,4.189315561120566e-12,9.373765897647353e-12,True,
X20,HNX,True,2021-Q1,current_ratio,1.1989743998,1.198974399797839,2.1609380951304047e-12,1.8023221308918827e-12,True,
X20,HNX,True,2021-Q1,quick_ratio,0.7878459639,0.7878459638577286,4.2271297573392985e-11,5.365426683824763e-11,True,
X20,HNX,True,2021-Q1,asset_turnover,1.7764220952,,,,,
X20,HNX,True,2021-Q1,gross_margin,0.2077934589,,,,,
X20,HNX,True,2021-Q2,roa,0.0351730532,,,,,
X20,HNX,True,2021-Q2,debt_to_assets,0.5245547564265984,0.538250969496653,0.01369621307005453,0.025773690780893626,False,
X20,HNX,True,2021-Q2,current_ratio,1.102103586,1.1056056161627756,0.0035020301627757267,0.0031725466011057737,True,
X20,HNX,True,2021-Q2,quick_ratio,0.5221438775,0.5529118587205959,0.030767981220595875,0.057239788010921215,True,
X20,HNX,True,2021-Q2,asset_turnover,1.6417447725,,,,,
X20,HNX,True,2021-Q2,gross_margin,0.198221215,,,,,
CHP,HOSE,False,2021-Q1,roa,0.0644976118,0.0646495732965773,0.00015196149657731306,0.0023533071427561513,True,
CHP,HOSE,False,2021-Q1,debt_to_assets,0.4543711121179151,0.4543711121151563,2.7587931938910515e-12,6.071673837362012e-12,True,
CHP,HOSE,False,2021-Q1,current_ratio,1.0234018278,1.0234018277667365,3.326361408539924e-11,3.250298483191728e-11,True,
CHP,HOSE,False,2021-Q1,quick_ratio,0.9989235229,0.9989235229082096,8.209655177893183e-12,8.218502207281886e-12,True,
CHP,HOSE,False,2021-Q1,asset_turnover,0.224457282,0.2249861202101269,0.0005288382101268918,0.0023533028075452566,True,
CHP,HOSE,False,2021-Q1,gross_margin,0.5194461534,0.5194461534186684,1.8668400159072007e-11,3.5939047842675864e-11,True,
CHP,HOSE,False,2021-Q2,roa,,0.0746711158070461,,,,
CHP,HOSE,False,2021-Q2,debt_to_assets,,0.4394480669534873,,,,
CHP,HOSE,False,2021-Q2,current_ratio,,1.0628891998704342,,,,
CHP,HOSE,False,2021-Q2,quick_ratio,,1.0343236448646274,,,,
CHP,HOSE,False,2021-Q2,asset_turnover,,0.2377656389718756,,,,
CHP,HOSE,False,2021-Q2,gross_margin,,0.5288898226721988,,,,
CIG,HOSE,False,2021-Q1,roa,-0.2413991242647171,-0.206550503561002,0.03484862070371511,0.15559169397177594,False,
CIG,HOSE,False,2021-Q1,debt_to_assets,0.774393179658926,0.7743931743539272,5.304998773603131e-09,6.850523650157504e-09,True,
CIG,HOSE,False,2021-Q1,current_ratio,1.1344867944717407,1.1344868490561697,5.4584428976767185e-08,4.8113762037267795e-08,True,
CIG,HOSE,False,2021-Q1,quick_ratio,0.8809235692024231,0.8809235420524475,2.714997560104848e-08,3.0819899669626825e-08,True,
CIG,HOSE,False,2021-Q1,asset_turnover,0.0361368618905544,0.0499417375720844,0.01380487568153,0.32075047149255287,True,
CIG,HOSE,False,2021-Q1,gross_margin,-6.726518630981445,-4.188754564749592,2.537764066231853,0.4649932293447996,False,
CIG,HOSE,False,2021-Q2,roa,,-0.0411747335787373,,,,
CIG,HOSE,False,2021-Q2,debt_to_assets,,0.7751309771843263,,,,
CIG,HOSE,False,2021-Q2,current_ratio,,1.1338269892421866,,,,
CIG,HOSE,False,2021-Q2,quick_ratio,,0.8808686176553087,,,,
CIG,HOSE,False,2021-Q2,asset_turnover,,0.003870809918919,,,,
CIG,HOSE,False,2021-Q2,gross_margin,,-11.260468772854248,,,,
DBC,HOSE,False,2021-Q1,roa,0.1385055162,0.138704758731843,0.0001992425318429747,0.001437483021810515,True,
DBC,HOSE,False,2021-Q1,debt_to_assets,0.5689279096389236,0.568927909634419,4.50461890011411e-12,7.91773232392633e-12,True,
DBC,HOSE,False,2021-Q1,current_ratio,1.1701573318,1.1701573317674847,3.2515323766801885e-11,2.7787138433117185e-11,True,
DBC,HOSE,False,2021-Q1,quick_ratio,0.3176551899,0.3176551898981507,1.8492984921181232e-12,5.821716600020538e-12,True,
DBC,HOSE,False,2021-Q1,asset_turnover,0.9883432558,0.9897650044593392,0.0014217486593391948,0.0014374831629819867,True,
DBC,HOSE,False,2021-Q1,gross_margin,0.2538845854,0.2538845853905783,9.421685653876466e-12,3.711011300354152e-11,True,
DBC,HOSE,False,2021-Q2,roa,,0.1188940523916529,,,,
DBC,HOSE,False,2021-Q2,debt_to_assets,,0.5595607888992269,,,,
DBC,HOSE,False,2021-Q2,current_ratio,,1.1258399386543152,,,,
DBC,HOSE,False,2021-Q2,quick_ratio,,0.2502416201152468,,,,
DBC,HOSE,False,2021-Q2,asset_turnover,,1.0135538223506584,,,,
DBC,HOSE,False,2021-Q2,gross_margin,,0.2257095824227015,,,,
DQC,HOSE,False,2021-Q1,roa,0.0137412743642926,0.0147066082018761,0.0009653338375834996,0.06786683229151902,True,
DQC,HOSE,False,2021-Q1,debt_to_assets,0.3138289638157309,0.3138289627722957,1.0434351715993273e-09,3.3248530047934937e-09,True,
DQC,HOSE,False,2021-Q1,current_ratio,2.3937058448791504,2.3937058450557696,1.7661916373867825e-10,7.378482369084878e-11,True,
DQC,HOSE,False,2021-Q1,quick_ratio,1.6469149589538574,1.6469149037698174,5.518404000426358e-08,3.350752303801859e-08,True,
DQC,HOSE,False,2021-Q1,asset_turnover,0.6449872851371765,0.6603954312080101,0.015408146070833628,0.023607093732592677,True,
DQC,HOSE,False,2021-Q1,gross_margin,0.2526563704013824,0.2501562306736797,0.0025001397277026882,0.009944618421881818,True,
DQC,HOSE,False,2021-Q2,roa,,0.0142047900075971,,,,
DQC,HOSE,False,2021-Q2,debt_to_assets,,0.3246063869311912,,,,
DQC,HOSE,False,2021-Q2,current_ratio,,2.314550390696684,,,,
DQC,HOSE,False,2021-Q2,quick_ratio,,1.476380317338808,,,,
DQC,HOSE,False,2021-Q2,asset_turnover,,0.6297858937125277,,,,
DQC,HOSE,False,2021-Q2,gross_margin,,0.268018877432973,,,,
FCN,HOSE,False,2021-Q1,roa,0.0188606586307287,0.0191522747398434,0.00029161610911469793,0.01534299425260635,True,
FCN,HOSE,False,2021-Q1,debt_to_assets,0.644234208566277,0.6442342025701905,5.9960865161912125e-09,9.307308529050372e-09,True,
FCN,HOSE,False,2021-Q1,current_ratio,1.481629729270935,1.4816296813883436,4.7882591447390155e-08,3.2317515824061466e-08,True,
FCN,HOSE,False,2021-Q1,quick_ratio,1.1433956623077393,1.1433957053499455,4.3042206243626424e-08,3.764419164107105e-08,True,
FCN,HOSE,False,2021-Q1,asset_turnover,0.5065924525260925,0.5178809605754336,0.011288508049341117,0.022037678879661498,True,
FCN,HOSE,False,2021-Q1,gross_margin,0.1499659866094589,0.1498980858263262,6.79007831327072e-05,0.00045287708248041575,True,
FCN,HOSE,False,2021-Q2,roa,,0.0204950738001699,,,,
FCN,HOSE,False,2021-Q2,debt_to_assets,,0.677005281434975,,,,
FCN,HOSE,False,2021-Q2,current_ratio,,1.2990009065197272,,,,
FCN,HOSE,False,2021-Q2,quick_ratio,,0.89400934264071,,,,
FCN,HOSE,False,2021-Q2,asset_turnover,,0.4816294440946412,,,,
FCN,HOSE,False,2021-Q2,gross_margin,,0.1583326245966094,,,,
KMR,HOSE,False,2021-Q1,roa,0.0011144282761961,0.0016718231190256,0.0005573948428294999,0.40010376937659525,True,
KMR,HOSE,False,2021-Q1,debt_to_assets,0.4562775764947191,0.4562775704102197,6.084499404312993e-09,1.3335083200066191e-08,True,
KMR,HOSE,False,2021-Q1,current_ratio,1.5926141738891602,1.5926141361235462,3.776561396939826e-08,2.3712971437986247e-08,True,
KMR,HOSE,False,2021-Q1,quick_ratio,0.4336883723735809,0.4336883693580498,3.015531102601443e-09,6.953221034221502e-09,True,
KMR,HOSE,False,2021-Q1,asset_turnover,0.3805843293666839,0.3909275700325856,0.010343240665901698,0.026812912863574404,True,
KMR,HOSE,False,2021-Q1,gross_margin,0.1325865983963012,0.1325865998922895,1.4959883054554979e-09,1.1283103383829905e-08,True,
KMR,HOSE,False,2021-Q2,roa,,0.0114181830436548,,,,
KMR,HOSE,False,2021-Q2,debt_to_assets,,0.4587692216081037,,,,
KMR,HOSE,False,2021-Q2,current_ratio,,1.6132215085232369,,,,
KMR,HOSE,False,2021-Q2,quick_ratio,,0.4654945576027082,,,,
KMR,HOSE,False,2021-Q2,asset_turnover,,0.4232716860409407,,,,
KMR,HOSE,False,2021-Q2,gross_margin,,0.1487727381805134,,,,
KOS,HOSE,False,2021-Q1,roa,0.0128421373665332,0.0130556605807089,0.00021352321417569993,0.016489681061739724,True,
KOS,HOSE,False,2021-Q1,debt_to_assets,0.3218037137165666,0.3218037100213143,3.6952522708411095e-09,1.1482938619260113e-08,True,
KOS,HOSE,False,2021-Q1,current_ratio,4.140220642089844,4.140220648133509,6.0436651239115236e-09,1.4597446952609224e-09,True,
KOS,HOSE,False,2021-Q1,quick_ratio,2.2066006660461426,2.2066007307457425,6.469959989985341e-08,2.932093692659749e-08,True,
KOS,HOSE,False,2021-Q1,asset_turnover,0.6223415732383728,0.6044247328345301,0.01791684040384267,0.029209867136305138,True,
KOS,HOSE,False,2021-Q1,gross_margin,0.0574099346995353,0.0576091803745858,0.00019924567505050228,0.003464566301385705,True,
KOS,HOSE,False,2021-Q2,roa,,0.0141299775282525,,,,
KOS,HOSE,False,2021-Q2,debt_to_assets,,0.3360813344908603,,,,
KOS,HOSE,False,2021-Q2,current_ratio,,3.832105703378472,,,,
KOS,HOSE,False,2021-Q2,quick_ratio,,1.8841787547098876,,,,
KOS,HOSE,False,2021-Q2,asset_turnover,,0.6616299720388584,,,,
KOS,HOSE,False,2021-Q2,gross_margin,,0.058860147744405,,,,
MCH,HOSE,False,2021-Q1,roa,0.1859735399484634,0.1887789558348165,0.00280541588635308,0.014972099814782593,True,
MCH,HOSE,False,2021-Q1,debt_to_assets,0.4202856365202147,0.420285640198317,3.678102267201666e-09,8.751434575686296e-09,True,
MCH,HOSE,False,2021-Q1,current_ratio,0.9963039755821228,0.9963039565756572,1.9006465623583324e-08,1.9076974769443347e-08,True,
MCH,HOSE,False,2021-Q1,quick_ratio,0.7876653671264648,0.7876653594345377,7.691927095265783e-09,9.765475865575866e-09,True,
MCH,HOSE,False,2021-Q1,asset_turnover,0.9690114259719848,0.9836290464298056,0.01461762045782089,0.0149721576136757,True,
MCH,HOSE,False,2021-Q1,gross_margin,0.423673152923584,0.4236731609728597,8.049275690424906e-09,1.899878611240086e-08,True,
MCH,HOSE,False,2021-Q2,roa,,0.1938761684931878,,,,
MCH,HOSE,False,2021-Q2,debt_to_assets,,0.4540175760217853,,,,
MCH,HOSE,False,2021-Q2,current_ratio,,1.0792694431645802,,,,
MCH,HOSE,False,2021-Q2,quick_ratio,,0.8613554840583469,,,,
MCH,HOSE,False,2021-Q2,asset_turnover,,1.0070081003619145,,,,
MCH,HOSE,False,2021-Q2,gross_margin,,0.4232902628008144,,,,
NAV,HOSE,False,2021-Q1,roa,0.136566013097763,0.1371243068564876,0.0005582937587245984,0.004079747934219386,True,
NAV,HOSE,False,2021-Q1,debt_to_assets,0.3589313729528539,0.3589313681151729,4.8376809780315e-09,1.3478011049393822e-08,True,
NAV,HOSE,False,2021-Q1,current_ratio,2.26365613937378,2.2636561898726715,5.049889129082885e-08,2.230855201422966e-08,True,
NAV,HOSE,False,2021-Q1,quick_ratio,2.14929461479187,2.149294680370167,6.557829701492324e-08,3.051154344460407e-08,True,
NAV,HOSE,False,2021-Q1,asset_turnover,0.332171767950058,0.3308499323744288,0.0013218355756292044,0.003987307127300027,True,
NAV,HOSE,False,2021-Q1,gross_margin,0.1928265988826751,0.1930555900807972,0.00022899119812211377,0.0011868451287539998,True,
NAV,HOSE,False,2021-Q2,roa,,0.1273454904083667,,,,
NAV,HOSE,False,2021-Q2,debt_to_assets,,0.358763319799898,,,,
NAV,HOSE,False,2021-Q2,current_ratio,,2.138556162951609,,,,
NAV,HOSE,False,2021-Q2,quick_ratio,,2.028627931164027,,,,
NAV,HOSE,False,2021-Q2,asset_turnover,,0.3287540406195341,,,,
NAV,HOSE,False,2021-Q2,gross_margin,,0.2255161150575382,,,,
PGV,HOSE,False,2021-Q1,roa,0.0422839932143688,0.0422148948847851,6.909832958369722e-05,0.0016354849427749833,True,
PGV,HOSE,False,2021-Q1,debt_to_assets,0.7835820213965831,0.7835820174306806,3.9659024952953814e-09,5.061247447029394e-09,True,
PGV,HOSE,False,2021-Q1,current_ratio,1.9911949634552,1.9911950111517345,4.769653449976374e-08,2.3953723670405453e-08,True,
PGV,HOSE,False,2021-Q1,quick_ratio,1.61945378780365,1.6194537971948182,9.39116828746478e-09,5.79897267273788e-09,True,
PGV,HOSE,False,2021-Q1,asset_turnover,0.5227167010307312,0.5157926670099781,0.006924034020753145,0.01333456246777299,True,
PGV,HOSE,False,2021-Q1,gross_margin,0.1190365999937057,0.1190365992830445,7.106611965568277e-10,5.970106662285104e-09,True,
PGV,HOSE,False,2021-Q2,roa,,0.0383598238113646,,,,
PGV,HOSE,False,2021-Q2,debt_to_assets,,0.7718332537328666,,,,
PGV,HOSE,False,2021-Q2,current_ratio,,1.7545153907775346,,,,
PGV,HOSE,False,2021-Q2,quick_ratio,,1.3940774101883942,,,,
PGV,HOSE,False,2021-Q2,asset_turnover,,0.5257289914176682,,,,
PGV,HOSE,False,2021-Q2,gross_margin,,0.1263728664970556,,,,
SGR,HOSE,False,2021-Q1,roa,0.0351852551102638,0.0333283687087814,0.001856886401482398,0.054204880663930866,True,
SGR,HOSE,False,2021-Q1,debt_to_assets,0.620725308014016,0.6207253106135817,2.5995656738331263e-09,4.18794857375302e-09,True,
SGR,HOSE,False,2021-Q1,current_ratio,1.628890037536621,1.628890080056553,4.2519931797713184e-08,2.6103622873803174e-08,True,
SGR,HOSE,False,2021-Q1,quick_ratio,0.8690692186355591,0.8690692122595748,6.3759842960919855e-09,7.336566734570595e-09,True,
SGR,HOSE,False,2021-Q1,asset_turnover,0.0345103219151496,0.0320510897988354,0.0024592321163142,0.07389362854506581,True,
SGR,HOSE,False,2021-Q1,gross_margin,0.490019828081131,0.4866822541095328,0.0033375739715981734,0.0068343746418811045,True,
SGR,HOSE,False,2021-Q2,roa,,-0.0029066058365628,,,,
SGR,HOSE,False,2021-Q2,debt_to_assets,,0.6158596093578753,,,,
SGR,HOSE,False,2021-Q2,current_ratio,,1.6176985490946667,,,,
SGR,HOSE,False,2021-Q2,quick_ratio,,0.8136043657734059,,,,
SGR,HOSE,False,2021-Q2,asset_turnover,,0.0358484240535689,,,,
SGR,HOSE,False,2021-Q2,gross_margin,,0.5804437794221718,,,,
SZL,HOSE,False,2021-Q1,roa,0.0600857082,0.0601225519099057,3.6843709905705346e-05,0.0006129979732178031,True,
SZL,HOSE,False,2021-Q1,debt_to_assets,0.6579409324556698,0.6579409324518387,3.831046591074028e-12,5.822781958231953e-12,True,
SZL,HOSE,False,2021-Q1,current_ratio,5.0227496988,5.022749698822297,2.2296831048151944e-11,4.439168261446406e-12,True,
SZL,HOSE,False,2021-Q1,quick_ratio,4.3575770237,4.3575770236881,1.1899814467142278e-11,2.730832846427679e-12,True,
SZL,HOSE,False,2021-Q1,asset_turnover,0.2188803662,0.2190145804821738,0.00013421428217377795,0.0006129976296401124,True,
SZL,HOSE,False,2021-Q1,gross_margin,0.3459397725,0.3459397725351057,3.51056961278573e-11,1.0147921377290045e-10,True,
SZL,HOSE,False,2021-Q2,roa,,0.0594859636191213,,,,
SZL,HOSE,False,2021-Q2,debt_to_assets,,0.687164742031366,,,,
SZL,HOSE,False,2021-Q2,current_ratio,,3.270479647264847,,,,
SZL,HOSE,False,2021-Q2,quick_ratio,,2.848780530510382,,,,
SZL,HOSE,False,2021-Q2,asset_turnover,,0.2278018072750482,,,,
SZL,HOSE,False,2021-Q2,gross_margin,,0.3396950905211914,,,,
TLD,HOSE,False,2021-Q1,roa,0.0282414890825748,0.0302231674214675,0.0019816783388926992,0.06779064335238792,True,
TLD,HOSE,False,2021-Q1,debt_to_assets,0.2810363160050045,0.2810363118262354,4.1787691085204415e-09,1.4869142888684131e-08,True,
TLD,HOSE,False,2021-Q1,current_ratio,2.1446282863616943,2.1446283179822845,3.162059014627516e-08,1.4744088807487597e-08,True,
TLD,HOSE,False,2021-Q1,quick_ratio,1.3195257186889648,1.3195257418443216,2.315535674313196e-08,1.7548241926629838e-08,True,
TLD,HOSE,False,2021-Q1,asset_turnover,0.5501969456672668,0.5885042622881413,0.0383073166208745,0.06728247296699912,True,
TLD,HOSE,False,2021-Q1,gross_margin,0.0918371602892875,0.0918371624490857,2.1597982013954464e-09,2.3517693373742565e-08,True,
TLD,HOSE,False,2021-Q2,roa,,0.0360352549664464,,,,
TLD,HOSE,False,2021-Q2,debt_to_assets,,0.2930178342373162,,,,
TLD,HOSE,False,2021-Q2,current_ratio,,2.175322544737675,,,,
TLD,HOSE,False,2021-Q2,quick_ratio,,1.446869993728511,,,,
TLD,HOSE,False,2021-Q2,asset_turnover,,0.5789803380269584,,,,
TLD,HOSE,False,2021-Q2,gross_margin,,0.0995597501615537,,,,
VPH,HOSE,False,2021-Q1,roa,0.0062506813555955,0.0067735320338869,0.0005228506782913997,0.08028902209382158,True,
VPH,HOSE,False,2021-Q1,debt_to_assets,0.5173299810490373,0.517329970149779,1.0899258273688872e-08,2.1068290622557428e-08,True,
VPH,HOSE,False,2021-Q1,current_ratio,1.6616586446762085,1.661658640416476,4.259732566680441e-09,2.563542509641321e-09,True,
VPH,HOSE,False,2021-Q1,quick_ratio,0.9627652168273926,0.9627652460871003,2.925970776779252e-08,3.039132159301689e-08,True,
VPH,HOSE,False,2021-Q1,asset_turnover,0.1320857405662536,0.1397338409742131,0.0076481004079594905,0.056273358708124506,True,
VPH,HOSE,False,2021-Q1,gross_margin,0.4032156765460968,0.4032156841175182,7.571421378749221e-09,1.8777596576895706e-08,True,
VPH,HOSE,False,2021-Q2,roa,,0.0044359390550155,,,,
VPH,HOSE,False,2021-Q2,debt_to_assets,,0.5235534146186971,,,,
VPH,HOSE,False,2021-Q2,current_ratio,,1.6491886754705092,,,,
VPH,HOSE,False,2021-Q2,quick_ratio,,0.8580693088644201,,,,
VPH,HOSE,False,2021-Q2,asset_turnover,,0.1009530924198162,,,,
VPH,HOSE,False,2021-Q2,gross_margin,,0.4760531974327404,,,,
VTP,HOSE,False,2021-Q1,roa,0.0953210592269897,,,,,
VTP,HOSE,False,2021-Q1,debt_to_assets,0.7087054437228663,0.7087054460465536,2.3236873536447433e-09,3.2787773403134413e-09,True,
VTP,HOSE,False,2021-Q1,current_ratio,1.2580702304840088,1.2580701939449723,3.653903646316792e-08,2.9043717996351635e-08,True,
VTP,HOSE,False,2021-Q1,quick_ratio,1.1509218215942385,1.1509218280565603,6.462321788802683e-09,5.6149094138370775e-09,True,
VTP,HOSE,False,2021-Q1,asset_turnover,4.80476188659668,,,,,
VTP,HOSE,False,2021-Q1,gross_margin,0.0354299284517765,,,,,
VTP,HOSE,False,2021-Q2,roa,,,,,,
VTP,HOSE,False,2021-Q2,debt_to_assets,,0.7494771840922385,,,,
VTP,HOSE,False,2021-Q2,current_ratio,,1.1722071957797944,,,,
VTP,HOSE,False,2021-Q2,quick_ratio,,1.0720532687865614,,,,
VTP,HOSE,False,2021-Q2,asset_turnover,,,,,,
VTP,HOSE,False,2021-Q2,gross_margin,,,,,,
AAM,HOSE,True,2021-Q1,roa,-0.0642081483,-0.0647794231238781,0.0005712748238781012,0.008857827425880926,True,
AAM,HOSE,True,2021-Q1,debt_to_assets,0.0581644411314997,0.0581644411540373,2.253760372772362e-11,3.874807921287092e-10,True,
AAM,HOSE,True,2021-Q1,current_ratio,15.6254795994,15.625479599408758,8.757439218243235e-12,5.604589070390554e-13,True,
AAM,HOSE,True,2021-Q1,quick_ratio,4.1679482157,4.167948215674342,2.5657698188297218e-11,6.15595416750326e-12,True,
AAM,HOSE,True,2021-Q1,asset_turnover,0.5127502166,0.5173122741493181,0.004562057549318155,0.008857826763499542,True,
AAM,HOSE,True,2021-Q1,gross_margin,-0.0384126902,-0.0384126901640378,3.596220543577999e-11,9.362063751685377e-10,True,
AAM,HOSE,True,2021-Q2,roa,-0.0777889011,-0.0777794198351409,9.481264859098615e-06,0.00012189197391995402,True,
AAM,HOSE,True,2021-Q2,debt_to_assets,0.0456262327533216,0.0456262327482456,5.076002118631351e-12,1.1125183502125043e-10,True,
AAM,HOSE,True,2021-Q2,current_ratio,20.6794863644,20.67948636443817,3.817035576503258e-11,1.845807729088867e-12,True,
AAM,HOSE,True,2021-Q2,quick_ratio,5.5866272929,5.586627292906055,6.054712287095754e-12,1.0837866873251697e-12,True,
AAM,HOSE,True,2021-Q2,asset_turnover,0.5500794998,0.5500124536359503,6.704616404973329e-05,0.00012189192701632984,True,
AAM,HOSE,True,2021-Q2,gross_margin,-0.0542388738,-0.0542388737690151,3.0984895205143914e-11,5.712673041156368e-10,True,
C47,HOSE,True,2021-Q1,roa,0.0143043514,0.0152877983440607,0.0009834469440607,0.06646674557721735,True,
C47,HOSE,True,2021-Q1,debt_to_assets,0.7932564721500206,0.7932564721492316,7.890355036010988e-13,9.946789358842684e-13,True,
C47,HOSE,True,2021-Q1,current_ratio,0.9900806418,0.9900806418151,1.510003233562429e-11,1.525131559794642e-11,True,
C47,HOSE,True,2021-Q1,quick_ratio,0.260305242,0.2603052420278003,2.7800317603521307e-11,1.0679891572078594e-10,True,
C47,HOSE,True,2021-Q1,asset_turnover,0.7460716105,0.7811165648514753,0.035044954351475255,0.045894742923097635,True,
C47,HOSE,True,2021-Q1,gross_margin,0.1102425792,0.1078737587556849,0.0023688204443150923,0.021720706174668765,True,
C47,HOSE,True,2021-Q2,roa,0.0143043514,0.0164727815387735,0.0021684301387735003,0.14091176998762472,True,
C47,HOSE,True,2021-Q2,debt_to_assets,0.7932564721500206,0.7721959114806345,0.021060560669386108,0.026906676804236838,False,
C47,HOSE,True,2021-Q2,current_ratio,0.9900806418,1.0096558086070897,0.019575166807089706,0.019577746660670966,True,
C47,HOSE,True,2021-Q2,quick_ratio,0.260305242,0.291266025331498,0.030960783331497987,0.11226394544185113,True,
C47,HOSE,True,2021-Q2,asset_turnover,0.7460716105,0.7399497937578868,0.006121816742113206,0.008239203990699471,True,
C47,HOSE,True,2021-Q2,gross_margin,0.1102425792,0.1024491153944826,0.007793463805517389,0.07328413853090394,True,
CNG,HOSE,True,2021-Q1,roa,0.0507355098,0.0543264173891035,0.0035909075891034994,0.06835792346813015,True,
CNG,HOSE,True,2021-Q1,debt_to_assets,0.4577801513627572,0.4577801513731954,1.043820585522326e-11,2.28017877665315e-11,True,
CNG,HOSE,True,2021-Q1,current_ratio,1.5105098103,1.5105098102506886,4.931144381714603e-11,3.264556342613707e-11,True,
CNG,HOSE,True,2021-Q1,quick_ratio,1.3981022718,1.3981022717545066,4.5493386835460115e-11,3.253938410215827e-11,True,
CNG,HOSE,True,2021-Q1,asset_turnover,2.4326515039,2.6048272972402557,0.1721757933402559,0.06835792273757386,False,
CNG,HOSE,True,2021-Q1,gross_margin,0.06275764,0.0627576399783563,2.1643700720552772e-11,3.448775435832989e-10,True,
CNG,HOSE,True,2021-Q2,roa,0.0507355098,0.0697195082920244,0.018983998492024402,0.3152047759026716,False,
CNG,HOSE,True,2021-Q2,debt_to_assets,0.4577801513627572,0.5660578323839043,0.1082776810211471,0.21151331116845798,False,
CNG,HOSE,True,2021-Q2,current_ratio,1.5105098103,1.3255319412996769,0.1849778690003232,0.13044791664014532,False,
CNG,HOSE,True,2021-Q2,quick_ratio,1.3981022718,1.221991481409331,0.17611079039066913,0.13443090742455494,False,
CNG,HOSE,True,2021-Q2,asset_turnover,2.4326515039,2.7270479973152097,0.2943964934152099,0.11411381354510038,False,
CNG,HOSE,True,2021-Q2,gross_margin,0.06275764,0.0679427220320421,0.005185082032042099,0.07934304008692707,True,
DMC,HOSE,True,2021-Q1,roa,0.1076690579,0.1084427062236321,0.0007736483236320951,0.007159705782509003,True,
DMC,HOSE,True,2021-Q1,debt_to_assets,0.0853052114576969,0.0853052114613483,3.6513986279018695e-12,4.2803933844469294e-11,True,
DMC,HOSE,True,2021-Q1,current_ratio,10.0142287687,10.014228768660288,3.9712233501632e-11,3.965580816950519e-12,True,
DMC,HOSE,True,2021-Q1,quick_ratio,8.081411151,8.081411150980173,1.9825918684546195e-11,2.453274349507294e-12,True,
DMC,HOSE,True,2021-Q1,asset_turnover,0.9686639943,0.976108551003779,0.007444556703778971,0.007655966474594704,True,
DMC,HOSE,True,2021-Q1,gross_margin,0.2901394783,0.2905484528513937,0.00040897455139371486,0.0014085863661150873,True,
DMC,HOSE,True,2021-Q2,roa,0.1076690579,0.0894289588585209,0.018240099041479108,0.18508658119910337,False,
DMC,HOSE,True,2021-Q2,debt_to_assets,0.0853052114576969,0.1871262429018643,0.1018210314441674,0.7474983509780901,False,
DMC,HOSE,True,2021-Q2,current_ratio,10.0142287687,4.622205032046602,5.392023736653399,0.7367947424977733,False,
DMC,HOSE,True,2021-Q2,quick_ratio,8.081411151,3.620477687648956,4.460933463351044,0.7624296427457914,False,
DMC,HOSE,True,2021-Q2,asset_turnover,0.9686639943,0.9225872416361732,0.046076752663826825,0.048726210234060985,True,
DMC,HOSE,True,2021-Q2,gross_margin,0.2901394783,0.2757146913279114,0.014424786972088599,0.05098411479966262,False,
EVG,HOSE,True,2021-Q1,roa,0.0158822815865278,0.0142731697854409,0.0016091118010868998,0.10672112191181896,True,
EVG,HOSE,True,2021-Q1,debt_to_assets,0.2021987399258202,0.2021987314648382,8.46098199835943e-09,4.1844880826101416e-08,True,
EVG,HOSE,True,2021-Q1,current_ratio,4.637910842895508,4.637910982237727,1.3934221954059467e-07,3.004417768418987e-08,True,
EVG,HOSE,True,2021-Q1,quick_ratio,3.787592887878418,3.7875929742529184,8.63745004409111e-08,2.2804589092051394e-08,True,
EVG,HOSE,True,2021-Q1,asset_turnover,0.7302607893943787,0.6809133118793524,0.04934747751502622,0.06993818476470762,True,
EVG,HOSE,True,2021-Q1,gross_margin,0.0457519628107547,0.0476070022271267,0.0018550394163720021,0.0397399310418512,True,
EVG,HOSE,True,2021-Q2,roa,0.0143447986,0.0131538182871739,0.0011909803128260996,0.08662110663330162,True,
EVG,HOSE,True,2021-Q2,debt_to_assets,0.2112883289685292,0.2115883391255018,0.00030001015697259104,0.0014189014415232797,True,
EVG,HOSE,True,2021-Q2,current_ratio,4.421340683,4.420489238226927,0.0008514447730734176,0.00019259469604347867,True,
EVG,HOSE,True,2021-Q2,quick_ratio,3.7887228913,3.7879601980399946,0.0007626932600053316,0.00020132642503641258,True,
EVG,HOSE,True,2021-Q2,asset_turnover,0.6286464466,0.6097409929443176,0.018905453655682414,0.03053237307161149,True,
EVG,HOSE,True,2021-Q2,gross_margin,0.0420871456,0.041605582822856,0.0004815627771439998,0.011507876161257705,True,
FIR,HOSE,True,2021-Q1,roa,0.0598198324441909,0.0722693931753848,0.012449560731193902,0.18850228961216456,False,
FIR,HOSE,True,2021-Q1,debt_to_assets,0.3386910611118535,0.3242208951789327,0.014470165932920775,0.04365637335578072,False,
FIR,HOSE,True,2021-Q1,current_ratio,2.1382205486297607,2.232257251739116,0.09403670310935519,0.04303268768527703,False,
FIR,HOSE,True,2021-Q1,quick_ratio,1.5486085414886477,1.5568404815188712,0.008231940030223539,0.005301610149923629,True,
FIR,HOSE,True,2021-Q1,asset_turnover,0.2589847147464752,0.2876725869459467,0.028687872199471498,0.10495742802906088,True,
FIR,HOSE,True,2021-Q1,gross_margin,0.7266855835914612,0.7447749798072025,0.01808939621574135,0.024586994263658533,False,
FIR,HOSE,True,2021-Q2,roa,0.0509454812,0.0617752114834476,0.010829730283447594,0.1921515921457406,False,
FIR,HOSE,True,2021-Q2,debt_to_assets,0.4008692417070481,0.3386910592395958,0.06217818246745227,0.1681490539388435,False,
FIR,HOSE,True,2021-Q2,current_ratio,1.9993266227,2.138220663119738,0.13889404041973785,0.06713834589673817,False,
FIR,HOSE,True,2021-Q2,quick_ratio,1.6117168236,1.548608560494848,0.06310826310515183,0.03993782629014116,False,
FIR,HOSE,True,2021-Q2,asset_turnover,0.3143633237,0.2674635579474164,0.04689976575258359,0.16121553414578932,True,
FIR,HOSE,True,2021-Q2,gross_margin,0.6087720391,0.7260315406433373,0.11725950154333731,0.1756955155392744,False,
JVC,HOSE,True,2021-Q1,roa,-0.1191667748,-0.1211544779756301,0.001987703175630101,0.01654205071480607,True,
JVC,HOSE,True,2021-Q1,debt_to_assets,0.2761936850292936,0.2912191141594826,0.015025429130189005,0.052961192104480886,False,
JVC,HOSE,True,2021-Q1,current_ratio,1.971085933,1.872209559643212,0.0988763733567879,0.05145395327840693,False,
JVC,HOSE,True,2021-Q1,quick_ratio,1.5774766148,1.528912673376824,0.048563941423175994,0.031267131655400945,True,
JVC,HOSE,True,2021-Q1,asset_turnover,0.6395480214,0.6524101218963664,0.01286210049636638,0.019911017339229543,True,
JVC,HOSE,True,2021-Q1,gross_margin,0.087147517,0.0654758751313346,0.021671641868665395,0.28398847078456546,False,
JVC,HOSE,True,2021-Q2,roa,-0.1191667748,-0.1269827677521744,0.007815992952174403,0.06350605303698834,False,
JVC,HOSE,True,2021-Q2,debt_to_assets,0.2761936850292936,0.2556392418797266,0.020554443149567003,0.07729661745100344,False,
JVC,HOSE,True,2021-Q2,current_ratio,1.971085933,2.1776113606775263,0.20652542767752635,0.09956157948292062,False,
JVC,HOSE,True,2021-Q2,quick_ratio,1.5774766148,1.5967111189441958,0.01923450414419592,0.012119323592437526,True,
JVC,HOSE,True,2021-Q2,asset_turnover,0.6395480214,0.6615143871331977,0.021966365733197657,0.03376681331983494,True,
JVC,HOSE,True,2021-Q2,gross_margin,0.087147517,0.0393963528277029,0.04775116417229709,0.75469739051466,False,
NHA,HOSE,True,2021-Q1,roa,0.1021267437,0.1043268661755545,0.0022001224755545112,0.021313480320161945,True,
NHA,HOSE,True,2021-Q1,debt_to_assets,0.1725014025143398,0.1725014024803385,3.4001301774111425e-11,1.9710739322618493e-10,True,
NHA,HOSE,True,2021-Q1,current_ratio,1.8947766676,1.8947766676015705,1.5705214906347464e-12,8.288689202740612e-13,True,
NHA,HOSE,True,2021-Q1,quick_ratio,1.4439829814,1.44398298141045,1.0449863196981823e-11,7.236832657689944e-12,True,
NHA,HOSE,True,2021-Q1,asset_turnover,0.5506969693,0.562560666683299,0.011863697383298955,0.021313480365791865,True,
NHA,HOSE,True,2021-Q1,gross_margin,0.2543277167,0.2543277166577893,4.221067939624845e-11,1.6596963928057512e-10,True,
NHA,HOSE,True,2021-Q2,roa,0.1021267437,0.0716843346239921,0.030442409076007898,0.3502930810803878,False,
NHA,HOSE,True,2021-Q2,debt_to_assets,0.1725014025143398,0.2712593985161365,0.09875799600179672,0.4450956270696576,False,
NHA,HOSE,True,2021-Q2,current_ratio,1.8947766676,1.7911167057170168,0.10365996188298321,0.05624685870372714,False,
NHA,HOSE,True,2021-Q2,quick_ratio,1.4439829814,1.2245896135840002,0.21939336781599983,0.16442750572226067,False,
NHA,HOSE,True,2021-Q2,asset_turnover,0.5506969693,0.513810277028813,0.036886692271187016,0.06930284861544883,True,
NHA,HOSE,True,2021-Q2,gross_margin,0.2543277167,0.2041893690483042,0.05013834765169578,0.21869783792187167,False,
SBA,HOSE,True,2021-Q1,roa,0.095774614,0.0979528396136744,0.002178225613674409,0.022487526399001378,True,
SBA,HOSE,True,2021-Q1,debt_to_assets,0.3509049150637297,0.3509049150680368,4.3070547128820635e-12,1.2274136177526619e-11,True,
SBA,HOSE,True,2021-Q1,current_ratio,0.6005875942,0.6005875941833818,1.661815129949673e-11,2.7669821122200332e-11,True,
SBA,HOSE,True,2021-Q1,quick_ratio,0.5808799379,0.5808799378942291,5.770939282001564e-12,9.934822853227396e-12,True,
SBA,HOSE,True,2021-Q1,asset_turnover,0.2605840386,0.2665105655058313,0.005926526905831286,0.022487526374454572,True,
SBA,HOSE,True,2021-Q1,gross_margin,0.558894205,0.5588942049951289,4.871103520542874e-12,8.715609281660206e-12,True,
SBA,HOSE,True,2021-Q2,roa,0.095774614,0.1039320343097838,0.008157420309783808,0.08169402850454999,False,
SBA,HOSE,True,2021-Q2,debt_to_assets,0.3509049150637297,0.3300551850803747,0.020849729983355048,0.06123627501506429,False,
SBA,HOSE,True,2021-Q2,current_ratio,0.6005875942,0.4560040463910317,0.14458354780896826,0.27367914387074227,False,
SBA,HOSE,True,2021-Q2,quick_ratio,0.5808799379,0.4338280902968043,0.14705184760319573,0.2898407098729976,False,
SBA,HOSE,True,2021-Q2,asset_turnover,0.2605840386,0.2801768035411187,0.019592764941118668,0.07246369712548703,True,
SBA,HOSE,True,2021-Q2,gross_margin,0.558894205,0.5519885809500644,0.006905624049935555,0.012432678113793316,True,
SKG,HOSE,True,2021-Q1,roa,0.0246286315,0.0242570201719195,0.0003716113280805011,0.015203288301215756,True,
SKG,HOSE,True,2021-Q1,debt_to_assets,0.0164589537445093,0.0164589537249779,1.9531400802241805e-11,1.1866732914506289e-09,True,
SKG,HOSE,True,2021-Q1,current_ratio,22.5270394794,22.52703947941842,1.8420820424580597e-11,8.177204306592576e-13,True,
SKG,HOSE,True,2021-Q1,quick_ratio,20.5483648565,20.54836485652701,2.7007729386241408e-11,1.3143493204852447e-12,True,
SKG,HOSE,True,2021-Q1,asset_turnover,0.3288993758,0.3239367484127085,0.004962627387291529,0.01520328671541036,True,
SKG,HOSE,True,2021-Q1,gross_margin,0.2199773462,0.2199773461942894,5.7105986606131864e-12,2.595993978168698e-11,True,
SKG,HOSE,True,2021-Q2,roa,0.0246286315,0.020185404487386,0.004443227012614001,0.1982962219187156,True,
SKG,HOSE,True,2021-Q2,debt_to_assets,0.0164589537445093,0.0469898132993795,0.0305308595548702,0.962378340110262,False,
SKG,HOSE,True,2021-Q2,current_ratio,22.5270394794,8.118330959437708,14.40870851996229,0.940351401443772,False,
SKG,HOSE,True,2021-Q2,quick_ratio,20.5483648565,7.437211336808329,13.111153519691673,0.9369936448066915,False,
SKG,HOSE,True,2021-Q2,asset_turnover,0.3288993758,0.3294585425290021,0.0005591667290020808,0.0016986709309164795,True,
SKG,HOSE,True,2021-Q2,gross_margin,0.2199773462,0.203128694433678,0.016848651766321998,0.07964269071218216,False,
SSC,HOSE,True,2021-Q1,roa,0.0789497774,0.0780405691732304,0.0009092082267695978,0.011582982605181836,True,
SSC,HOSE,True,2021-Q1,debt_to_assets,0.2860186207361849,0.286018620730834,5.350886400634636e-12,1.870817496746195e-11,True,
SSC,HOSE,True,2021-Q1,current_ratio,2.165914302,2.165914302023432,2.3431923068528704e-11,1.0818490393070941e-11,True,
SSC,HOSE,True,2021-Q1,quick_ratio,1.5713277234,1.5713277234428604,4.2860381910259093e-11,2.727653898763672e-11,True,
SSC,HOSE,True,2021-Q1,asset_turnover,0.6887015507,0.680770266266619,0.007931284433381092,0.011582983067076023,True,
SSC,HOSE,True,2021-Q1,gross_margin,0.2859381676,0.2859381675984541,1.5459300506392992e-12,5.406518701644915e-12,True,
SSC,HOSE,True,2021-Q2,roa,0.0810260522,0.079893537692647,0.001132514507353008,0.014075533104559034,True,
SSC,HOSE,True,2021-Q2,debt_to_assets,0.3101923516948855,0.3164835194091839,0.006291167714298385,0.020077899930037793,True,
SSC,HOSE,True,2021-Q2,current_ratio,1.986145645,1.9577276639685588,0.02841798103144111,0.014411203811652491,True,
SSC,HOSE,True,2021-Q2,quick_ratio,1.4312336547,1.4252097610433176,0.006023893656682322,0.004217758085794082,True,
SSC,HOSE,True,2021-Q2,asset_turnover,0.6493256646,0.6402499325129254,0.009075732087074573,0.0140755332334035,True,
SSC,HOSE,True,2021-Q2,gross_margin,0.3149261809,0.3149261809488713,4.8871295899033385e-11,1.5518333774466248e-10,True,
TCR,HOSE,True,2021-Q1,roa,-0.0219364435,-0.0221993439970153,0.0002629004970153004,0.011913257332638696,True,
TCR,HOSE,True,2021-Q1,debt_to_assets,0.4732245868625188,0.4732245868535312,8.98758845124803e-12,1.89922263146155e-11,True,
TCR,HOSE,True,2021-Q1,current_ratio,1.4797922131,1.4797922131164785,1.6478374220696423e-11,1.1135600035415996e-11,True,
TCR,HOSE,True,2021-Q1,quick_ratio,0.4931587154,0.4931587154027192,2.7192137430631647e-12,5.513871413283489e-12,True,
TCR,HOSE,True,2021-Q1,asset_turnover,1.0337532915,1.046142458806147,0.01238916730614692,0.011913257964321832,True,
TCR,HOSE,True,2021-Q1,gross_margin,0.1778966047,0.1778966046844587,1.554129047676156e-11,8.736136647267004e-11,True,
TCR,HOSE,True,2021-Q2,roa,-0.0219364435,,,,,
TCR,HOSE,True,2021-Q2,debt_to_assets,0.4732245868625188,0.4675453277271174,0.005679259135401404,0.012073641062126645,True,
TCR,HOSE,True,2021-Q2,current_ratio,1.4797922131,1.5256789505605295,0.0458867374605294,0.030535470122189698,True,
TCR,HOSE,True,2021-Q2,quick_ratio,0.4931587154,0.5621214011074228,0.06896268570742281,0.130700246557593,False,
TCR,HOSE,True,2021-Q2,asset_turnover,1.0337532915,,,,,
TCR,HOSE,True,2021-Q2,gross_margin,0.1778966047,,,,,
TNH,HOSE,True,2021-Q1,roa,0.0950729875,0.1026531649095343,0.007580177409534303,0.07667349328513803,False,
TNH,HOSE,True,2021-Q1,debt_to_assets,0.4528772753884722,0.4528772753769589,1.1513345832270261e-11,2.542266185147094e-11,True,
TNH,HOSE,True,2021-Q1,current_ratio,1.6547322235,1.6547322235368225,3.682254501313764e-11,2.22528723921523e-11,True,
TNH,HOSE,True,2021-Q1,quick_ratio,1.5476319501,1.5476319500937383,6.261657858885883e-12,4.045960577703216e-12,True,
TNH,HOSE,True,2021-Q1,asset_turnover,0.3233489452,0.3330333959907653,0.009684450790765298,0.02950856591661625,True,
TNH,HOSE,True,2021-Q1,gross_margin,0.4533212666,0.4547851423199563,0.0014638757199563202,0.003224018034841006,True,
TNH,HOSE,True,2021-Q2,roa,0.0950729875,0.1001125477476627,0.005039560247662708,0.05163866514256011,False,
TNH,HOSE,True,2021-Q2,debt_to_assets,0.4528772753884722,0.4432776137169763,0.009599661671495896,0.02142411270238872,True,
TNH,HOSE,True,2021-Q2,current_ratio,1.6547322235,1.6518207335423951,0.002911489957604818,0.0017610423879066204,True,
TNH,HOSE,True,2021-Q2,quick_ratio,1.5476319501,1.5394638469177446,0.00816810318225536,0.0052917717617613725,True,
TNH,HOSE,True,2021-Q2,asset_turnover,0.3233489452,0.3336845907748532,0.01033564557485317,0.0314615465084837,True,
TNH,HOSE,True,2021-Q2,gross_margin,0.4533212666,0.4736132262331979,0.02029195963319791,0.04378294213903949,False,
TVT,HOSE,True,2021-Q1,roa,0.0521253166,0.0543708430266543,0.0022455264266543,0.042171031040489845,True,
TVT,HOSE,True,2021-Q1,debt_to_assets,0.5978884434070006,0.6006607059662938,0.0027722625592931927,0.004626030665063292,True,
TVT,HOSE,True,2021-Q1,current_ratio,1.1247931085,1.12479310851017,1.0169864950171359e-11,9.041542727522306e-12,True,
TVT,HOSE,True,2021-Q1,quick_ratio,0.7873878862,0.7873878861957804,4.2196246496928325e-12,5.359016469085398e-12,True,
TVT,HOSE,True,2021-Q1,asset_turnover,1.0908554947,1.137848876346721,0.046993381646720955,0.04217103197464481,True,
TVT,HOSE,True,2021-Q1,gross_margin,0.1253028496,0.1253028495691432,3.085678934588998e-11,2.4625768247244506e-10,True,
TVT,HOSE,True,2021-Q2,roa,0.0575662806,0.0589864571217257,0.0014201765217256995,0.024369681047156998,True,
TVT,HOSE,True,2021-Q2,debt_to_assets,0.6253252347345853,0.6253252347387076,4.122258090433206e-12,6.592182533892592e-12,True,
TVT,HOSE,True,2021-Q2,current_ratio,1.1186171476,1.1186171475659958,3.400413284282422e-11,3.039836544281226e-11,True,
TVT,HOSE,True,2021-Q2,quick_ratio,0.7798942188,0.7798942188277174,2.7717383943581808e-11,3.5539927434950324e-11,True,
TVT,HOSE,True,2021-Q2,asset_turnover,1.0437634712,1.069513412891945,0.02574994169194511,0.024369680930863554,True,
TVT,HOSE,True,2021-Q2,gross_margin,0.1328358646,0.1328358646192611,1.9261120476343763e-11,1.4499939856564414e-10,True,
VNL,HOSE,True,2021-Q1,roa,0.0734860971570015,0.0762129032031614,0.0027268060461599075,0.036430517766978365,True,
VNL,HOSE,True,2021-Q1,debt_to_assets,0.4231345345587374,0.4231345394147187,4.8559812837467575e-09,1.147621113210872e-08,True,
VNL,HOSE,True,2021-Q1,current_ratio,2.244462251663208,2.244462327794133,7.613092511959962e-08,3.3919449423586865e-08,True,
VNL,HOSE,True,2021-Q1,quick_ratio,2.244462251663208,2.244462327794133,7.613092511959962e-08,3.3919449423586865e-08,True,
VNL,HOSE,True,2021-Q1,asset_turnover,3.2992281913757324,3.421708347336266,0.12248015596053374,0.03644734785250803,False,
VNL,HOSE,True,2021-Q1,gross_margin,0.0330984555184841,0.0330993834805853,9.279621011951122e-07,2.8036023991905763e-05,True,
VNL,HOSE,True,2021-Q2,roa,0.0823718263,0.0805298898061118,0.0018419364938882105,0.022614083361631374,True,
VNL,HOSE,True,2021-Q2,debt_to_assets,0.4376976192809619,0.4372399699952224,0.00045764928573949204,0.0010461301271056252,True,
VNL,HOSE,True,2021-Q2,current_ratio,2.1711461842,2.17397542213397,0.0028292379339700524,0.001302259494807149,True,
VNL,HOSE,True,2021-Q2,quick_ratio,2.1711461842,2.17397542213397,0.0028292379339700524,0.001302259494807149,True,
VNL,HOSE,True,2021-Q2,asset_turnover,3.2704625966,3.197331670639628,0.07313092596037185,0.022613868944716203,False,
VNL,HOSE,True,2021-Q2,gross_margin,0.0361308181,0.0361308181399499,3.9949897556734726e-11,1.105701438148404e-09,True,
