ticker,pages_ok,pages_failed,component_rows,complete_18_pages,finished_at_utc
AAA,18,0,36,True,2026-07-09T10:59:56.986485+00:00
AAM,18,0,36,True,2026-07-09T10:59:57.181486+00:00
AAN,18,0,36,True,2026-07-09T11:00:01.663713+00:00
AAT,18,0,36,True,2026-07-09T11:00:09.847059+00:00
ABR,18,0,36,True,2026-07-09T11:00:14.048934+00:00
ABS,18,0,36,True,2026-07-09T11:00:14.206492+00:00
ABT,18,0,36,True,2026-07-09T11:00:15.660636+00:00
ACC,18,0,36,True,2026-07-09T11:00:16.793566+00:00
ACG,18,0,36,True,2026-07-09T11:00:26.124501+00:00
ACL,18,0,36,True,2026-07-09T11:00:26.505012+00:00
ADC,18,0,36,True,2026-07-09T10:48:27.030939+00:00
ADG,18,0,36,True,2026-07-09T11:00:30.666698+00:00
ADP,18,0,36,True,2026-07-09T11:00:38.209349+00:00
ADS,18,0,36,True,2026-07-09T11:00:42.601045+00:00
AFX,18,0,36,True,2026-07-09T11:00:44.146776+00:00
AGG,18,0,36,True,2026-07-09T11:00:44.744773+00:00
ALT,18,0,36,True,2026-07-09T10:48:27.212939+00:00
AMC,18,0,36,True,2026-07-09T10:48:26.365205+00:00
AME,18,0,36,True,2026-07-09T10:48:25.941992+00:00
AMV,18,0,36,True,2026-07-09T10:48:27.531552+00:00
ANT,18,0,36,True,2026-07-09T11:00:48.768435+00:00
ANV,18,0,36,True,2026-07-09T11:00:55.867047+00:00
APH,18,0,36,True,2026-07-09T11:00:56.395049+00:00
API,18,0,36,True,2026-07-09T10:48:26.820939+00:00
ARM,18,0,36,True,2026-07-09T10:48:26.974939+00:00
ASG,18,0,36,True,2026-07-09T11:01:00.883424+00:00
ASM,18,0,36,True,2026-07-09T11:01:09.591566+00:00
ASP,18,0,36,True,2026-07-09T11:01:12.652245+00:00
AST,18,0,36,True,2026-07-09T11:01:13.538255+00:00
ATS,18,0,36,True,2026-07-09T10:48:26.812939+00:00
BAF,18,0,36,True,2026-07-09T11:01:14.033974+00:00
BAX,18,0,36,True,2026-07-09T10:48:48.922016+00:00
BBS,18,0,36,True,2026-07-09T10:48:46.007837+00:00
BCC,18,0,36,True,2026-07-09T10:48:46.506836+00:00
BCE,18,0,36,True,2026-07-09T11:01:18.450797+00:00
BCF,18,0,36,True,2026-07-09T10:48:47.100823+00:00
BCG,18,0,36,True,2026-07-09T11:01:23.969097+00:00
BCM,18,0,36,True,2026-07-09T11:01:25.906711+00:00
BED,18,0,36,True,2026-07-09T10:48:46.014839+00:00
BFC,18,0,36,True,2026-07-09T11:01:30.177317+00:00
BHN,18,0,36,True,2026-07-09T11:01:40.216728+00:00
BKC,18,0,36,True,2026-07-09T11:15:29.399255+00:00
BKG,18,0,36,True,2026-07-09T11:01:42.601021+00:00
BMC,18,0,36,True,2026-07-09T11:01:44.351366+00:00
BMP,18,0,36,True,2026-07-09T11:01:44.819367+00:00
BNA,18,0,36,True,2026-07-09T10:48:46.233836+00:00
BPC,18,0,36,True,2026-07-09T10:48:46.926935+00:00
BRC,18,0,36,True,2026-07-09T11:01:47.912066+00:00
BSR,18,0,36,True,2026-07-09T11:01:53.867445+00:00
BTP,18,0,36,True,2026-07-09T11:01:56.485883+00:00
BTS,18,0,36,True,2026-07-09T10:49:03.628691+00:00
BTT,18,0,36,True,2026-07-09T11:02:00.393048+00:00
BTW,18,0,36,True,2026-07-09T10:49:03.403691+00:00
BWE,18,0,36,True,2026-07-09T11:02:08.683639+00:00
BXH,18,0,36,True,2026-07-09T10:49:03.855691+00:00
C32,18,0,36,True,2026-07-09T11:02:11.518179+00:00
C47,18,0,36,True,2026-07-09T11:02:14.255251+00:00
C69,18,0,36,True,2026-07-09T10:49:04.091241+00:00
CAG,18,0,36,True,2026-07-09T10:49:04.250247+00:00
CAN,18,0,36,True,2026-07-09T10:49:04.932771+00:00
CAP,18,0,36,True,2026-07-09T10:49:04.403248+00:00
CAR,18,0,36,True,2026-07-09T10:49:06.775282+00:00
CCC,18,0,36,True,2026-07-09T11:02:14.653254+00:00
CCI,18,0,36,True,2026-07-09T11:02:17.119590+00:00
CCL,18,0,36,True,2026-07-09T11:02:22.921627+00:00
CCR,18,0,36,True,2026-07-09T10:49:20.425470+00:00
CDC,18,0,36,True,2026-07-09T11:02:25.488149+00:00
CDN,18,0,36,True,2026-07-09T10:49:21.564164+00:00
CEO,18,0,36,True,2026-07-09T10:49:21.848165+00:00
CET,18,0,36,True,2026-07-09T10:49:21.281577+00:00
CHP,18,0,36,True,2026-07-09T11:02:30.281369+00:00
CIA,18,0,36,True,2026-07-09T10:49:21.825164+00:00
CIG,18,0,36,True,2026-07-09T11:02:38.384931+00:00
CII,18,0,36,True,2026-07-09T11:02:40.969672+00:00
CJC,18,0,36,True,2026-07-09T10:49:23.009824+00:00
CKG,18,0,36,True,2026-07-09T11:02:43.235799+00:00
CKV,18,0,36,True,2026-07-09T10:49:24.066097+00:00
CLC,18,0,36,True,2026-07-09T11:02:43.819320+00:00
CLH,18,0,36,True,2026-07-09T10:49:24.511098+00:00
CLL,18,0,36,True,2026-07-09T11:02:45.198579+00:00
CLM,18,0,36,True,2026-07-09T10:49:35.454774+00:00
CLW,18,0,36,True,2026-07-09T11:02:51.681694+00:00
CMC,18,0,36,True,2026-07-09T10:49:35.930827+00:00
CMG,18,0,36,True,2026-07-09T11:02:54.151831+00:00
CMS,18,0,36,True,2026-07-09T10:49:36.060827+00:00
CMV,18,0,36,True,2026-07-09T11:02:59.316670+00:00
CMX,18,0,36,True,2026-07-09T11:03:08.226110+00:00
CNG,18,0,36,True,2026-07-09T11:03:10.628159+00:00
COM,18,0,36,True,2026-07-09T11:03:13.809207+00:00
CPC,18,0,36,True,2026-07-09T10:49:37.346157+00:00
CRC,18,0,36,True,2026-07-09T11:03:13.091517+00:00
CRE,18,0,36,True,2026-07-09T11:03:13.627206+00:00
CRV,18,0,36,True,2026-07-09T11:03:21.227947+00:00
CSC,18,0,36,True,2026-07-09T10:49:36.773041+00:00
CSM,18,0,36,True,2026-07-09T11:03:24.118453+00:00
CST,18,0,36,True,2026-07-09T10:49:37.860222+00:00
CSV,18,0,36,True,2026-07-09T11:03:27.874432+00:00
CTB,18,0,36,True,2026-07-09T10:49:37.890223+00:00
CTD,18,0,36,True,2026-07-09T11:03:37.312724+00:00
CTF,18,0,36,True,2026-07-09T11:03:38.462973+00:00
CTI,18,0,36,True,2026-07-09T11:03:41.312741+00:00
CTP,18,0,36,True,2026-07-09T10:49:37.990223+00:00
CTR,18,0,36,True,2026-07-09T11:03:41.792404+00:00
CTT,18,0,36,True,2026-07-09T10:49:50.263316+00:00
CVT,18,0,36,True,2026-07-09T11:03:42.665894+00:00
CX8,18,0,36,True,2026-07-09T10:49:51.221833+00:00
D11,18,0,36,True,2026-07-09T10:49:50.752834+00:00
D2D,18,0,36,True,2026-07-09T11:03:51.304860+00:00
DAD,18,0,36,True,2026-07-09T10:49:52.126463+00:00
DAE,18,0,36,True,2026-07-09T10:49:52.283463+00:00
DAH,18,0,36,True,2026-07-09T11:03:52.324478+00:00
DAT,18,0,36,True,2026-07-09T11:03:56.157317+00:00
DBC,18,0,36,True,2026-07-09T11:04:06.083015+00:00
DBD,18,0,36,True,2026-07-09T11:04:07.738622+00:00
DBT,18,0,36,True,2026-07-09T11:04:10.380976+00:00
DC2,18,0,36,True,2026-07-09T10:49:53.633150+00:00
DC4,18,0,36,True,2026-07-09T11:04:10.848875+00:00
DCL,18,0,36,True,2026-07-09T11:04:11.378295+00:00
DCM,18,0,36,True,2026-07-09T11:04:19.781347+00:00
DGC,18,0,36,True,2026-07-09T11:04:19.963077+00:00
DGW,18,0,36,True,2026-07-09T11:04:22.311970+00:00
DHA,18,0,36,True,2026-07-09T11:04:29.058497+00:00
DHC,18,0,36,True,2026-07-09T11:04:29.355496+00:00
DHG,18,0,36,True,2026-07-09T11:04:31.316802+00:00
DHM,18,0,36,True,2026-07-09T11:04:30.520803+00:00
DHP,18,0,36,True,2026-07-09T10:49:52.701340+00:00
DHT,18,0,36,True,2026-07-09T10:49:53.467150+00:00
DIG,18,0,36,True,2026-07-09T11:04:31.646509+00:00
DIH,18,0,36,True,2026-07-09T10:50:07.475422+00:00
DL1,18,0,36,True,2026-07-09T10:50:08.117981+00:00
DLG,18,0,36,True,2026-07-09T11:04:37.733791+00:00
DMC,18,0,36,True,2026-07-09T11:04:38.990515+00:00
DNC,18,0,36,True,2026-07-09T10:50:08.957039+00:00
DNP,18,0,36,True,2026-07-09T10:50:10.726666+00:00
DP3,18,0,36,True,2026-07-09T10:50:09.679519+00:00
DPG,18,0,36,True,2026-07-09T11:04:40.140489+00:00
DPM,18,0,36,True,2026-07-09T11:04:46.781772+00:00
DPR,18,0,36,True,2026-07-09T11:04:47.521059+00:00
DQC,18,0,36,True,2026-07-09T11:04:49.573995+00:00
DRC,18,0,36,True,2026-07-09T11:04:49.687996+00:00
DRH,18,0,36,True,2026-07-09T11:04:50.236492+00:00
DRL,18,0,36,True,2026-07-09T11:04:55.623519+00:00
DS3,18,0,36,True,2026-07-09T10:50:10.207518+00:00
DSN,18,0,36,True,2026-07-09T11:04:57.822516+00:00
DST,18,0,36,True,2026-07-09T10:50:11.455961+00:00
DTA,18,0,36,True,2026-07-09T11:04:57.798516+00:00
DTD,18,0,36,True,2026-07-09T10:50:11.058400+00:00
DTG,18,0,36,True,2026-07-09T10:50:26.033961+00:00
DTK,18,0,36,True,2026-07-09T10:50:26.282959+00:00
DTL,18,0,36,True,2026-07-09T11:05:05.072838+00:00
DTT,18,0,36,True,2026-07-09T11:05:06.067339+00:00
DVM,18,0,36,True,2026-07-09T10:50:26.988196+00:00
DVP,18,0,36,True,2026-07-09T11:05:08.961759+00:00
DXG,18,0,36,True,2026-07-09T11:05:09.235367+00:00
DXP,18,0,36,True,2026-07-09T10:50:28.412696+00:00
DXS,18,0,36,True,2026-07-09T11:05:08.672874+00:00
DXV,18,0,36,True,2026-07-09T11:05:14.170241+00:00
EBS,18,0,36,True,2026-07-09T10:50:28.893428+00:00
ECI,18,0,36,True,2026-07-09T10:50:29.338597+00:00
EID,18,0,36,True,2026-07-09T10:50:28.899429+00:00
ELC,18,0,36,True,2026-07-09T11:05:16.059971+00:00
EVE,18,0,36,True,2026-07-09T11:05:15.498971+00:00
EVG,18,0,36,True,2026-07-09T11:05:23.481618+00:00
FCM,18,0,36,True,2026-07-09T11:05:25.086108+00:00
FCN,18,0,36,True,2026-07-09T11:05:27.931914+00:00
FDC,18,0,36,True,2026-07-09T11:05:28.464942+00:00
FID,18,0,36,True,2026-07-09T10:50:29.519865+00:00
FIR,18,0,36,True,2026-07-09T11:05:28.457941+00:00
FIT,18,0,36,True,2026-07-09T11:05:33.963207+00:00
FMC,18,0,36,True,2026-07-09T11:05:36.014806+00:00
FPT,18,0,36,True,2026-07-09T11:05:35.479258+00:00
FRT,18,0,36,True,2026-07-09T11:05:41.972637+00:00
GAS,18,0,36,True,2026-07-09T11:05:43.929249+00:00
GDT,18,0,36,True,2026-07-09T11:05:46.749643+00:00
GDW,18,0,36,True,2026-07-09T10:50:42.631023+00:00
GEE,18,0,36,True,2026-07-09T11:05:48.259269+00:00
GEG,18,0,36,True,2026-07-09T11:05:48.249271+00:00
GEL,18,0,36,True,2026-07-09T11:05:54.325132+00:00
GEX,18,0,36,True,2026-07-09T11:05:53.258060+00:00
GHC,18,0,36,True,2026-07-09T11:05:54.353132+00:00
GIC,18,0,36,True,2026-07-09T10:50:43.782006+00:00
GIL,18,0,36,True,2026-07-09T11:06:01.678362+00:00
GKM,18,0,36,True,2026-07-09T10:50:44.407629+00:00
GLT,18,0,36,True,2026-07-09T10:50:46.248213+00:00
GMA,18,0,36,True,2026-07-09T10:50:46.062214+00:00
GMD,18,0,36,True,2026-07-09T11:06:04.405958+00:00
GMH,18,0,36,True,2026-07-09T11:06:06.751941+00:00
GMX,18,0,36,True,2026-07-09T10:50:46.712213+00:00
GSP,18,0,36,True,2026-07-09T11:06:07.658019+00:00
GTA,18,0,36,True,2026-07-09T11:06:08.291195+00:00
GVR,18,0,36,True,2026-07-09T11:06:11.419251+00:00
HAD,18,0,36,True,2026-07-09T10:50:47.075111+00:00
HAG,18,0,36,True,2026-07-09T11:06:13.275196+00:00
HAH,18,0,36,True,2026-07-09T11:06:12.482247+00:00
HAP,18,0,36,True,2026-07-09T11:06:21.546797+00:00
HAR,18,0,36,True,2026-07-09T11:06:22.879740+00:00
HAS,18,0,36,True,2026-07-09T11:06:26.211029+00:00
HAT,18,0,36,True,2026-07-09T10:50:47.689285+00:00
HAX,18,0,36,True,2026-07-09T11:06:26.994455+00:00
HCC,18,0,36,True,2026-07-09T10:51:00.361821+00:00
HCD,18,0,36,True,2026-07-09T11:06:27.599249+00:00
HCT,18,0,36,True,2026-07-09T10:51:00.635287+00:00
HDA,18,0,36,True,2026-07-09T10:51:01.396443+00:00
HDC,18,0,36,True,2026-07-09T11:06:30.832577+00:00
HDG,18,0,36,True,2026-07-09T11:06:31.724978+00:00
HEV,18,0,36,True,2026-07-09T10:51:03.373667+00:00
HGM,18,0,36,True,2026-07-09T10:51:04.201484+00:00
HHC,18,0,36,True,2026-07-09T10:51:03.590484+00:00
HHP,18,0,36,True,2026-07-09T11:06:32.414943+00:00
HHS,18,0,36,True,2026-07-09T11:06:41.199873+00:00
HHV,18,0,36,True,2026-07-09T11:06:41.391961+00:00
HID,18,0,36,True,2026-07-09T11:06:44.448118+00:00
HII,18,0,36,True,2026-07-09T11:06:46.557729+00:00
HJS,18,0,36,True,2026-07-09T10:51:04.696924+00:00
HKT,18,0,36,True,2026-07-09T10:51:04.673924+00:00
HLC,18,0,36,True,2026-07-09T10:51:18.666864+00:00
HLD,18,0,36,True,2026-07-09T10:51:18.992958+00:00
HMC,18,0,36,True,2026-07-09T11:06:46.177730+00:00
HMH,18,0,36,True,2026-07-09T10:51:20.339143+00:00
HMR,18,0,36,True,2026-07-09T10:51:21.619516+00:00
HNA,18,0,36,True,2026-07-09T11:06:49.352779+00:00
HOM,18,0,36,True,2026-07-09T10:51:22.327515+00:00
HPA,18,0,36,True,2026-07-09T11:06:52.178711+00:00
HPG,18,0,36,True,2026-07-09T11:06:51.573519+00:00
HPX,18,0,36,True,2026-07-09T11:06:58.595234+00:00
HQC,18,0,36,True,2026-07-09T11:06:59.784120+00:00
HRC,18,0,36,True,2026-07-09T11:07:03.772495+00:00
HSG,18,0,36,True,2026-07-09T11:07:05.300459+00:00
HSL,18,0,36,True,2026-07-09T11:07:04.707937+00:00
HT1,18,0,36,True,2026-07-09T11:07:08.516239+00:00
HTC,18,0,36,True,2026-07-09T10:51:22.511516+00:00
HTG,18,0,36,True,2026-07-09T11:07:08.342238+00:00
HTI,18,0,36,True,2026-07-09T11:07:09.827009+00:00
HTL,18,0,36,True,2026-07-09T11:07:17.057331+00:00
HTN,18,0,36,True,2026-07-09T11:07:17.396939+00:00
HTV,18,0,36,True,2026-07-09T11:07:21.599573+00:00
HU1,18,0,36,True,2026-07-09T11:07:22.539628+00:00
HUB,18,0,36,True,2026-07-09T11:07:22.603628+00:00
HUT,18,0,36,True,2026-07-09T10:51:23.502242+00:00
HVH,18,0,36,True,2026-07-09T11:07:25.944355+00:00
HVN,18,0,36,True,2026-07-09T11:07:26.173355+00:00
HVT,18,0,36,True,2026-07-09T10:51:22.990099+00:00
ICG,18,0,36,True,2026-07-09T10:51:36.565047+00:00
ICT,18,0,36,True,2026-07-09T11:07:26.856397+00:00
IDC,18,0,36,True,2026-07-09T10:51:37.082048+00:00
IDI,18,0,36,True,2026-07-09T11:07:35.769104+00:00
IDJ,18,0,36,True,2026-07-09T10:51:37.776375+00:00
IDV,18,0,36,True,2026-07-09T10:51:39.086939+00:00
IJC,18,0,36,True,2026-07-09T11:07:36.296170+00:00
ILB,18,0,36,True,2026-07-09T11:07:39.282625+00:00
IMP,18,0,36,True,2026-07-09T11:07:40.900718+00:00
INC,18,0,36,True,2026-07-09T10:51:40.949658+00:00
INN,18,0,36,True,2026-07-09T10:51:40.958656+00:00
ITC,18,0,36,True,2026-07-09T11:07:42.106958+00:00
ITD,18,0,36,True,2026-07-09T11:07:44.496965+00:00
ITQ,18,0,36,True,2026-07-09T10:51:40.564622+00:00
JVC,18,0,36,True,2026-07-09T11:07:43.983447+00:00
KBC,18,0,36,True,2026-07-09T11:07:45.708801+00:00
KDC,18,0,36,True,2026-07-09T11:07:53.046357+00:00
KDH,18,0,36,True,2026-07-09T11:07:53.258658+00:00
KDM,18,0,36,True,2026-07-09T10:51:41.235548+00:00
KHG,18,0,36,True,2026-07-09T11:07:56.715436+00:00
KHP,18,0,36,True,2026-07-09T11:07:58.219261+00:00
KHS,18,0,36,True,2026-07-09T10:51:53.839675+00:00
KKC,18,0,36,True,2026-07-09T10:51:55.033286+00:00
KMR,18,0,36,True,2026-07-09T11:08:00.062947+00:00
KMT,18,0,36,True,2026-07-09T10:51:55.530293+00:00
KOS,18,0,36,True,2026-07-09T11:08:00.710946+00:00
KSB,18,0,36,True,2026-07-09T11:08:02.731914+00:00
KSD,18,0,36,True,2026-07-09T10:51:56.484409+00:00
KSF,18,0,36,True,2026-07-09T10:51:58.166214+00:00
KST,18,0,36,True,2026-07-09T10:51:59.203421+00:00
KSV,18,0,36,True,2026-07-09T10:51:58.388214+00:00
KTS,18,0,36,True,2026-07-09T10:51:59.837262+00:00
L10,18,0,36,True,2026-07-09T11:08:03.590479+00:00
L14,18,0,36,True,2026-07-09T10:52:11.226900+00:00
L18,18,0,36,True,2026-07-09T10:52:12.552082+00:00
L40,18,0,36,True,2026-07-09T10:52:13.019544+00:00
LAF,18,0,36,True,2026-07-09T11:08:11.204312+00:00
LAS,18,0,36,True,2026-07-09T10:52:13.754464+00:00
LBE,18,0,36,True,2026-07-09T10:52:16.190001+00:00
LBM,18,0,36,True,2026-07-09T11:08:12.070368+00:00
LCD,18,0,36,True,2026-07-09T10:52:16.452001+00:00
LCG,18,0,36,True,2026-07-09T11:08:15.234114+00:00
LDG,18,0,36,True,2026-07-09T11:08:16.108703+00:00
LDP,18,0,36,True,2026-07-09T10:52:17.226720+00:00
LGC,18,0,36,True,2026-07-09T11:08:18.482528+00:00
LGL,18,0,36,True,2026-07-09T11:08:19.113706+00:00
LHC,18,0,36,True,2026-07-09T10:52:17.800234+00:00
LHG,18,0,36,True,2026-07-09T11:08:22.221302+00:00
LIG,18,0,36,True,2026-07-09T10:52:30.126767+00:00
LIX,18,0,36,True,2026-07-09T11:08:22.680539+00:00
LM8,18,0,36,True,2026-07-09T11:08:33.292508+00:00
LSS,18,0,36,True,2026-07-09T11:08:33.574508+00:00
MAC,18,0,36,True,2026-07-09T10:52:31.848487+00:00
MAS,18,0,36,True,2026-07-09T10:52:31.841487+00:00
MBG,18,0,36,True,2026-07-09T10:52:31.129037+00:00
MCC,18,0,36,True,2026-07-09T10:52:34.544911+00:00
MCF,18,0,36,True,2026-07-09T10:52:34.966501+00:00
MCH,18,0,36,True,2026-07-09T11:08:37.268812+00:00
MCM,18,0,36,True,2026-07-09T11:08:37.920596+00:00
MCO,18,0,36,True,2026-07-09T10:52:35.276919+00:00
MCP,18,0,36,True,2026-07-09T11:08:40.831493+00:00
MDC,18,0,36,True,2026-07-09T10:52:35.989138+00:00
MDG,18,0,36,True,2026-07-09T11:08:40.193486+00:00
MED,18,0,36,True,2026-07-09T10:52:46.601748+00:00
MEL,18,0,36,True,2026-07-09T10:52:48.392666+00:00
MHC,18,0,36,True,2026-07-09T11:08:42.141619+00:00
MIC,18,0,36,True,2026-07-09T10:52:49.592483+00:00
MKV,18,0,36,True,2026-07-09T10:52:49.599483+00:00
MSH,18,0,36,True,2026-07-09T11:08:42.525618+00:00
MSN,18,0,36,True,2026-07-09T11:08:52.141625+00:00
MST,18,0,36,True,2026-07-09T10:52:52.756366+00:00
MVB,18,0,36,True,2026-07-09T10:52:52.959238+00:00
MWG,18,0,36,True,2026-07-09T11:08:50.997915+00:00
MZG,18,0,36,True,2026-07-09T11:08:55.296851+00:00
NAF,18,0,36,True,2026-07-09T11:08:55.588860+00:00
NAG,18,0,36,True,2026-07-09T10:52:53.408281+00:00
NAP,18,0,36,True,2026-07-09T10:52:53.400281+00:00
NAV,18,0,36,True,2026-07-09T11:08:58.286706+00:00
NBB,18,0,36,True,2026-07-09T11:08:58.840217+00:00
NBC,18,0,36,True,2026-07-09T10:53:05.401914+00:00
NBP,18,0,36,True,2026-07-09T10:53:06.357957+00:00
NBW,18,0,36,True,2026-07-09T10:53:07.381956+00:00
NCT,18,0,36,True,2026-07-09T11:08:59.868993+00:00
NDN,18,0,36,True,2026-07-09T10:53:07.353957+00:00
NDX,18,0,36,True,2026-07-09T10:53:09.689851+00:00
NET,18,0,36,True,2026-07-09T10:53:10.796903+00:00
NFC,18,0,36,True,2026-07-09T10:53:11.054738+00:00
NHA,18,0,36,True,2026-07-09T11:09:00.332044+00:00
NHC,18,0,36,True,2026-07-09T10:53:12.316406+00:00
NHH,18,0,36,True,2026-07-09T11:09:09.258675+00:00
NHT,18,0,36,True,2026-07-09T11:09:10.679858+00:00
NKG,18,0,36,True,2026-07-09T11:09:14.426463+00:00
NLG,18,0,36,True,2026-07-09T11:09:14.901976+00:00
NNC,18,0,36,True,2026-07-09T11:09:17.230969+00:00
NO1,18,0,36,True,2026-07-09T11:09:18.148131+00:00
NRC,18,0,36,True,2026-07-09T10:53:23.284845+00:00
NSC,18,0,36,True,2026-07-09T11:09:18.757800+00:00
NSH,18,0,36,True,2026-07-09T10:53:23.725595+00:00
NST,18,0,36,True,2026-07-09T10:53:26.881063+00:00
NT2,18,0,36,True,2026-07-09T11:09:19.830845+00:00
NTC,18,0,36,True,2026-07-09T11:09:26.492765+00:00
NTH,18,0,36,True,2026-07-09T10:53:25.124497+00:00
NTL,18,0,36,True,2026-07-09T11:09:30.201113+00:00
NTP,18,0,36,True,2026-07-09T10:53:28.508372+00:00
NVL,18,0,36,True,2026-07-09T11:09:32.602645+00:00
NVT,18,0,36,True,2026-07-09T11:09:32.443645+00:00
OCH,18,0,36,True,2026-07-09T10:53:28.348372+00:00
ONE,18,0,36,True,2026-07-09T10:53:28.919373+00:00
OPC,18,0,36,True,2026-07-09T11:09:35.498930+00:00
PAC,18,0,36,True,2026-07-09T11:09:35.935954+00:00
PAN,18,0,36,True,2026-07-09T11:09:37.780869+00:00
PBP,18,0,36,True,2026-07-09T10:53:29.796681+00:00
PC1,18,0,36,True,2026-07-09T11:09:37.612870+00:00
PCE,18,0,36,True,2026-07-09T10:53:41.521223+00:00
PCH,18,0,36,True,2026-07-09T10:53:41.983314+00:00
PCT,18,0,36,True,2026-07-09T10:53:42.717386+00:00
PDB,18,0,36,True,2026-07-09T10:53:46.536904+00:00
PDN,18,0,36,True,2026-07-09T11:09:44.350859+00:00
PDR,18,0,36,True,2026-07-09T11:09:48.272423+00:00
PDV,18,0,36,True,2026-07-09T11:09:48.736423+00:00
PEN,18,0,36,True,2026-07-09T10:53:46.155905+00:00
PET,18,0,36,True,2026-07-09T11:09:50.748444+00:00
PGC,18,0,36,True,2026-07-09T11:09:53.935679+00:00
PGD,18,0,36,True,2026-07-09T11:09:53.945676+00:00
PGN,18,0,36,True,2026-07-09T10:53:46.544905+00:00
PGS,18,0,36,True,2026-07-09T10:53:47.643414+00:00
PGT,18,0,36,True,2026-07-09T10:53:47.821373+00:00
PGV,18,0,36,True,2026-07-09T11:09:54.865891+00:00
PHC,18,0,36,True,2026-07-09T11:09:56.148322+00:00
PHN,18,0,36,True,2026-07-09T10:53:58.919631+00:00
PHR,18,0,36,True,2026-07-09T11:10:02.668786+00:00
PIA,18,0,36,True,2026-07-09T10:53:59.168265+00:00
PIC,18,0,36,True,2026-07-09T10:54:00.297075+00:00
PIT,18,0,36,True,2026-07-09T11:10:06.365918+00:00
PJC,18,0,36,True,2026-07-09T10:54:03.865834+00:00
PJT,18,0,36,True,2026-07-09T11:10:07.818813+00:00
PLC,18,0,36,True,2026-07-09T10:54:04.620341+00:00
PLP,18,0,36,True,2026-07-09T11:10:09.299331+00:00
PLX,18,0,36,True,2026-07-09T11:10:11.612836+00:00
PMB,18,0,36,True,2026-07-09T10:54:04.203654+00:00
PMC,18,0,36,True,2026-07-09T10:54:06.390776+00:00
PMG,18,0,36,True,2026-07-09T11:10:10.941487+00:00
PMP,18,0,36,True,2026-07-09T10:54:05.186416+00:00
PMS,18,0,36,True,2026-07-09T10:54:17.528949+00:00
PNC,18,0,36,True,2026-07-09T11:10:12.532542+00:00
PNJ,18,0,36,True,2026-07-09T11:10:13.785516+00:00
POT,18,0,36,True,2026-07-09T10:54:17.722949+00:00
POW,18,0,36,True,2026-07-09T11:10:19.005298+00:00
PPC,18,0,36,True,2026-07-09T11:10:24.480807+00:00
PPE,18,0,36,True,2026-07-09T10:54:19.102642+00:00
PPP,18,0,36,True,2026-07-09T10:54:22.892083+00:00
PPS,18,0,36,True,2026-07-09T10:54:23.295084+00:00
PPT,18,0,36,True,2026-07-09T10:54:23.234084+00:00
PPY,18,0,36,True,2026-07-09T10:54:22.264083+00:00
PRC,18,0,36,True,2026-07-09T10:54:24.578870+00:00
PSC,18,0,36,True,2026-07-09T10:54:36.218173+00:00
PSD,18,0,36,True,2026-07-09T10:54:35.212716+00:00
PSE,18,0,36,True,2026-07-09T10:54:36.752173+00:00
PSW,18,0,36,True,2026-07-09T10:54:40.002622+00:00
PTB,18,0,36,True,2026-07-09T11:10:26.341356+00:00
PTC,18,0,36,True,2026-07-09T11:10:26.879357+00:00
PTD,18,0,36,True,2026-07-09T10:54:39.553622+00:00
PTL,18,0,36,True,2026-07-09T11:10:27.954691+00:00
PTS,18,0,36,True,2026-07-09T10:54:41.804066+00:00
PTX,18,0,36,True,2026-07-09T10:54:40.422622+00:00
PV2,18,0,36,True,2026-07-09T10:54:42.453575+00:00
PVB,18,0,36,True,2026-07-09T10:54:51.902227+00:00
PVC,18,0,36,True,2026-07-09T10:54:53.602175+00:00
PVD,18,0,36,True,2026-07-09T11:10:29.621251+00:00
PVG,18,0,36,True,2026-07-09T10:54:54.461028+00:00
PVP,18,0,36,True,2026-07-09T11:10:29.906251+00:00
PVS,18,0,36,True,2026-07-09T10:54:56.754576+00:00
PVT,18,0,36,True,2026-07-09T11:10:31.446640+00:00
QCG,18,0,36,True,2026-07-09T11:10:36.797025+00:00
QHD,18,0,36,True,2026-07-09T10:54:57.604808+00:00
QNP,18,0,36,True,2026-07-09T11:10:41.660190+00:00
QST,18,0,36,True,2026-07-09T10:54:58.530870+00:00
QTC,18,0,36,True,2026-07-09T10:54:58.709381+00:00
RAL,18,0,36,True,2026-07-09T11:10:45.525164+00:00
RCL,18,0,36,True,2026-07-09T10:55:00.609355+00:00
REE,18,0,36,True,2026-07-09T11:10:44.726447+00:00
RYG,18,0,36,True,2026-07-09T11:10:45.842164+00:00
S4A,18,0,36,True,2026-07-09T11:10:47.421380+00:00
S55,18,0,36,True,2026-07-09T10:55:10.327995+00:00
S99,18,0,36,True,2026-07-09T10:55:11.667017+00:00
SAB,18,0,36,True,2026-07-09T11:10:47.631380+00:00
SAF,18,0,36,True,2026-07-09T10:55:12.121067+00:00
SAM,18,0,36,True,2026-07-09T11:10:50.629327+00:00
SAV,18,0,36,True,2026-07-09T11:10:56.568465+00:00
SBA,18,0,36,True,2026-07-09T11:11:01.107329+00:00
SBG,18,0,36,True,2026-07-09T11:11:04.443363+00:00
SBT,18,0,36,True,2026-07-09T11:11:04.888394+00:00
SBV,18,0,36,True,2026-07-09T11:11:05.525630+00:00
SC5,18,0,36,True,2026-07-09T11:11:08.329896+00:00
SCG,18,0,36,True,2026-07-09T10:55:14.979169+00:00
SCI,18,0,36,True,2026-07-09T10:55:15.355169+00:00
SCR,18,0,36,True,2026-07-09T11:11:07.932192+00:00
SCS,18,0,36,True,2026-07-09T11:11:10.670207+00:00
SD5,18,0,36,True,2026-07-09T10:55:17.126114+00:00
SD9,18,0,36,True,2026-07-09T10:55:16.690346+00:00
SDC,18,0,36,True,2026-07-09T10:55:18.863835+00:00
SDG,18,0,36,True,2026-07-09T10:55:28.443395+00:00
SDN,18,0,36,True,2026-07-09T10:55:29.907321+00:00
SDU,18,0,36,True,2026-07-09T10:55:29.945324+00:00
SEB,18,0,36,True,2026-07-09T10:55:33.233567+00:00
SED,18,0,36,True,2026-07-09T10:55:33.201567+00:00
SFC,18,0,36,True,2026-07-09T11:11:17.171798+00:00
SFG,18,0,36,True,2026-07-09T11:11:20.043123+00:00
SFI,18,0,36,True,2026-07-09T11:11:23.661169+00:00
SFN,18,0,36,True,2026-07-09T10:55:35.381145+00:00
SGC,18,0,36,True,2026-07-09T10:55:36.005730+00:00
SGD,18,0,36,True,2026-07-09T10:55:37.302167+00:00
SGH,18,0,36,True,2026-07-09T10:55:48.330453+00:00
SGN,18,0,36,True,2026-07-09T11:11:24.326808+00:00
SGR,18,0,36,True,2026-07-09T11:11:24.290805+00:00
SGT,18,0,36,True,2026-07-09T11:11:26.467129+00:00
SHA,18,0,36,True,2026-07-09T11:11:26.500129+00:00
SHE,18,0,36,True,2026-07-09T10:55:49.137068+00:00
SHI,18,0,36,True,2026-07-09T11:11:30.218717+00:00
SHN,18,0,36,True,2026-07-09T10:55:49.296068+00:00
SHP,18,0,36,True,2026-07-09T11:11:35.397050+00:00
SIP,18,0,36,True,2026-07-09T11:11:37.621389+00:00
SJ1,18,0,36,True,2026-07-09T10:55:51.667018+00:00
SJD,18,0,36,True,2026-07-09T11:11:41.750400+00:00
SJE,18,0,36,True,2026-07-09T10:55:53.748224+00:00
SJS,18,0,36,True,2026-07-09T11:11:43.453238+00:00
SKG,18,0,36,True,2026-07-09T11:11:42.619497+00:00
SLS,18,0,36,True,2026-07-09T10:55:54.250730+00:00
SMA,18,0,36,True,2026-07-09T11:11:43.740236+00:00
SMB,18,0,36,True,2026-07-09T11:11:45.116685+00:00
SMC,18,0,36,True,2026-07-09T11:11:48.200843+00:00
SMN,18,0,36,True,2026-07-09T10:55:55.366874+00:00
SMT,18,0,36,True,2026-07-09T10:55:57.240592+00:00
SPC,18,0,36,True,2026-07-09T10:56:05.632077+00:00
SPM,18,0,36,True,2026-07-09T11:11:53.513008+00:00
SRA,18,0,36,True,2026-07-09T10:56:08.965233+00:00
SRC,18,0,36,True,2026-07-09T11:11:56.102625+00:00
SRF,18,0,36,True,2026-07-09T11:12:01.138081+00:00
SSC,18,0,36,True,2026-07-09T11:12:01.180081+00:00
SSM,18,0,36,True,2026-07-09T10:56:07.255443+00:00
ST8,18,0,36,True,2026-07-09T11:12:01.476707+00:00
STC,18,0,36,True,2026-07-09T10:56:10.445458+00:00
STG,18,0,36,True,2026-07-09T11:12:02.352602+00:00
STK,18,0,36,True,2026-07-09T11:12:01.946707+00:00
STP,18,0,36,True,2026-07-09T10:56:13.110762+00:00
SVC,18,0,36,True,2026-07-09T11:12:06.806110+00:00
SVD,18,0,36,True,2026-07-09T11:12:11.293755+00:00
SVN,18,0,36,True,2026-07-09T10:56:12.940762+00:00
SVT,18,0,36,True,2026-07-09T11:12:14.650383+00:00
SZB,18,0,36,True,2026-07-09T10:56:13.310761+00:00
SZC,18,0,36,True,2026-07-09T11:12:19.537627+00:00
SZL,18,0,36,True,2026-07-09T11:12:19.033067+00:00
TA9,18,0,36,True,2026-07-09T10:56:14.909508+00:00
TAL,18,0,36,True,2026-07-09T11:12:19.933212+00:00
TBC,18,0,36,True,2026-07-09T11:12:20.611767+00:00
TCD,18,0,36,True,2026-07-09T11:12:20.324739+00:00
TCL,18,0,36,True,2026-07-09T11:12:24.641519+00:00
TCM,18,0,36,True,2026-07-09T11:12:29.682767+00:00
TCO,18,0,36,True,2026-07-09T11:12:32.840421+00:00
TCR,18,0,36,True,2026-07-09T11:12:36.835699+00:00
TCT,18,0,36,True,2026-07-09T11:12:38.491703+00:00
TD6,18,0,36,True,2026-07-09T10:56:24.894604+00:00
TDC,18,0,36,True,2026-07-09T11:12:37.863379+00:00
TDG,18,0,36,True,2026-07-09T11:12:37.632380+00:00
TDH,18,0,36,True,2026-07-09T11:12:39.035970+00:00
TDM,18,0,36,True,2026-07-09T11:12:42.756610+00:00
TDP,18,0,36,True,2026-07-09T11:12:47.407819+00:00
TDT,18,0,36,True,2026-07-09T10:56:24.905604+00:00
TDW,18,0,36,True,2026-07-09T11:12:50.691798+00:00
TEG,18,0,36,True,2026-07-09T11:12:53.853125+00:00
TET,18,0,36,True,2026-07-09T10:56:27.035691+00:00
TFC,18,0,36,True,2026-07-09T10:56:27.376774+00:00
THB,18,0,36,True,2026-07-09T10:56:30.441326+00:00
THD,18,0,36,True,2026-07-09T10:56:31.969742+00:00
THG,18,0,36,True,2026-07-09T11:12:55.667069+00:00
THS,18,0,36,True,2026-07-09T10:56:31.506981+00:00
THT,18,0,36,True,2026-07-09T10:56:32.374903+00:00
TIG,18,0,36,True,2026-07-09T10:56:43.067973+00:00
TIP,18,0,36,True,2026-07-09T11:12:55.868069+00:00
TIX,18,0,36,True,2026-07-09T11:12:57.066255+00:00
TJC,18,0,36,True,2026-07-09T10:56:42.888973+00:00
TKU,18,0,36,True,2026-07-09T10:56:44.905735+00:00
TLD,18,0,36,True,2026-07-09T11:12:56.439513+00:00
TLG,18,0,36,True,2026-07-09T11:13:00.371304+00:00
TLH,18,0,36,True,2026-07-09T11:13:05.422675+00:00
TMB,18,0,36,True,2026-07-09T10:56:47.227162+00:00
TMC,18,0,36,True,2026-07-09T10:56:48.938582+00:00
TMP,18,0,36,True,2026-07-09T11:13:08.341329+00:00
TMS,18,0,36,True,2026-07-09T11:13:13.476863+00:00
TMT,18,0,36,True,2026-07-09T11:13:13.467863+00:00
TMX,18,0,36,True,2026-07-09T10:56:49.921915+00:00
TN1,18,0,36,True,2026-07-09T11:13:13.894864+00:00
TNC,18,0,36,True,2026-07-09T11:13:14.586429+00:00
TNG,18,0,36,True,2026-07-09T10:56:50.650510+00:00
TNH,18,0,36,True,2026-07-09T11:13:15.188490+00:00
TNI,18,0,36,True,2026-07-09T11:13:17.703568+00:00
TNT,18,0,36,True,2026-07-09T11:13:24.891684+00:00
TOT,18,0,36,True,2026-07-09T10:56:50.152931+00:00
TPC,18,0,36,True,2026-07-09T11:13:27.595126+00:00
TPP,18,0,36,True,2026-07-09T10:57:00.862214+00:00
TRA,18,0,36,True,2026-07-09T11:13:31.712308+00:00
TRC,18,0,36,True,2026-07-09T11:13:32.451254+00:00
TSA,18,0,36,True,2026-07-09T11:13:32.443253+00:00
TSB,18,0,36,True,2026-07-09T10:57:00.499213+00:00
TSC,18,0,36,True,2026-07-09T11:13:32.856816+00:00
TTA,18,0,36,True,2026-07-09T11:13:33.412426+00:00
TTC,18,0,36,True,2026-07-09T10:57:02.276925+00:00
TTE,18,0,36,True,2026-07-09T11:13:35.736879+00:00
TTF,18,0,36,True,2026-07-09T11:13:42.323768+00:00
TTH,18,0,36,True,2026-07-09T10:57:15.978015+00:00
TTL,18,0,36,True,2026-07-09T10:57:18.141733+00:00
TTT,18,0,36,True,2026-07-09T10:57:18.374731+00:00
TV2,18,0,36,True,2026-07-09T11:13:44.487401+00:00
TV3,18,0,36,True,2026-07-09T10:57:19.896842+00:00
TV4,18,0,36,True,2026-07-09T10:57:20.227905+00:00
TVD,18,0,36,True,2026-07-09T10:57:30.349445+00:00
TVT,18,0,36,True,2026-07-09T11:13:49.017006+00:00
TXM,18,0,36,True,2026-07-09T10:57:31.588166+00:00
TYA,18,0,36,True,2026-07-09T11:13:50.812161+00:00
UIC,18,0,36,True,2026-07-09T11:13:49.991851+00:00
UNI,18,0,36,True,2026-07-09T10:57:32.321858+00:00
V12,18,0,36,True,2026-07-09T10:57:44.309413+00:00
V21,18,0,36,True,2026-07-09T10:57:46.876844+00:00
VBC,18,0,36,True,2026-07-09T10:57:47.390474+00:00
VC1,18,0,36,True,2026-07-09T10:57:48.235973+00:00
VC2,18,0,36,True,2026-07-09T10:57:48.626973+00:00
VC3,18,0,36,True,2026-07-09T10:57:59.884427+00:00
VC6,18,0,36,True,2026-07-09T10:57:59.984434+00:00
VC7,18,0,36,True,2026-07-09T10:58:00.982435+00:00
VC9,18,0,36,True,2026-07-09T10:58:12.728365+00:00
VCA,18,0,36,True,2026-07-09T11:13:50.397163+00:00
VCC,18,0,36,True,2026-07-09T10:58:15.670452+00:00
VCF,18,0,36,True,2026-07-09T11:13:51.644331+00:00
VCG,18,0,36,True,2026-07-09T11:13:53.520052+00:00
VCM,18,0,36,True,2026-07-09T10:58:16.467460+00:00
VCS,18,0,36,True,2026-07-09T10:58:16.870067+00:00
VDL,18,0,36,True,2026-07-09T10:58:17.039068+00:00
VDP,18,0,36,True,2026-07-09T11:13:58.698145+00:00
VE1,18,0,36,True,2026-07-09T10:58:29.792441+00:00
VE3,18,0,36,True,2026-07-09T10:58:29.623440+00:00
VE4,18,0,36,True,2026-07-09T10:58:30.968451+00:00
VFG,18,0,36,True,2026-07-09T11:14:01.519320+00:00
VGC,18,0,36,True,2026-07-09T11:14:06.160078+00:00
VGP,18,0,36,True,2026-07-09T10:58:41.822236+00:00
VGS,18,0,36,True,2026-07-09T10:58:44.015432+00:00
VHC,18,0,36,True,2026-07-09T11:14:08.046800+00:00
VHE,18,0,36,True,2026-07-09T10:58:46.361050+00:00
VHL,18,0,36,True,2026-07-09T10:58:47.441053+00:00
VHM,18,0,36,True,2026-07-09T11:14:07.787077+00:00
VIC,18,0,36,True,2026-07-09T11:14:08.554814+00:00
VID,18,0,36,True,2026-07-09T11:14:09.426625+00:00
VIF,18,0,36,True,2026-07-09T10:58:46.750053+00:00
VIP,18,0,36,True,2026-07-09T11:14:10.801705+00:00
VIT,18,0,36,True,2026-07-09T10:59:00.442466+00:00
VJC,18,0,36,True,2026-07-09T11:14:15.709193+00:00
VLA,18,0,36,True,2026-07-09T10:58:59.258722+00:00
VMC,18,0,36,True,2026-07-09T10:59:00.952033+00:00
VMD,18,0,36,True,2026-07-09T11:14:18.244206+00:00
VMS,18,0,36,True,2026-07-09T10:59:10.784965+00:00
VNC,18,0,36,True,2026-07-09T10:59:13.977087+00:00
VNF,18,0,36,True,2026-07-09T10:59:16.781037+00:00
VNG,18,0,36,True,2026-07-09T11:14:23.507386+00:00
VNL,18,0,36,True,2026-07-09T11:14:24.746652+00:00
VNM,18,0,36,True,2026-07-09T11:14:26.335243+00:00
VNS,18,0,36,True,2026-07-09T11:14:27.076875+00:00
VNT,18,0,36,True,2026-07-09T10:59:16.197037+00:00
VOS,18,0,36,True,2026-07-09T11:14:27.485586+00:00
VPD,18,0,36,True,2026-07-09T11:14:29.136304+00:00
VPG,18,0,36,True,2026-07-09T11:14:32.221114+00:00
VPH,18,0,36,True,2026-07-09T11:14:36.303696+00:00
VPI,18,0,36,True,2026-07-09T11:14:41.305253+00:00
VPL,18,0,36,True,2026-07-09T11:14:42.703948+00:00
VPS,18,0,36,True,2026-07-09T11:14:44.824654+00:00
VRC,18,0,36,True,2026-07-09T11:14:46.214180+00:00
VRE,18,0,36,True,2026-07-09T11:14:45.424623+00:00
VSA,18,0,36,True,2026-07-09T10:59:15.970036+00:00
VSC,18,0,36,True,2026-07-09T11:14:47.233903+00:00
VSH,18,0,36,True,2026-07-09T11:14:50.269866+00:00
VSI,18,0,36,True,2026-07-09T11:14:54.067430+00:00
VSM,18,0,36,True,2026-07-09T10:59:28.087127+00:00
VTB,18,0,36,True,2026-07-09T11:15:00.269145+00:00
VTC,18,0,36,True,2026-07-09T10:59:29.509907+00:00
VTH,18,0,36,True,2026-07-09T10:59:30.039875+00:00
VTJ,18,0,36,True,2026-07-09T10:59:39.979143+00:00
VTO,18,0,36,True,2026-07-09T11:15:00.111132+00:00
VTP,18,0,36,True,2026-07-09T11:15:00.735595+00:00
VTV,18,0,36,True,2026-07-09T10:59:43.726346+00:00
VTZ,18,0,36,True,2026-07-09T10:59:45.927433+00:00
VVS,18,0,36,True,2026-07-09T11:15:01.995100+00:00
WCS,18,0,36,True,2026-07-09T10:59:47.062489+00:00
X20,18,0,36,True,2026-07-09T10:59:45.767434+00:00
YBM,18,0,36,True,2026-07-09T11:15:01.940979+00:00
YEG,18,0,36,True,2026-07-09T11:15:03.058802+00:00
